post_id,date,month,platform,topic,text,likes,retweets,sentiment,predicted_sentiment
POST00530,2025-12-22 11:00,2025-12,Facebook,fitness tracker,"The fitness tracker update ruined everything, please fix this asap.",6,5,Negative,Negative
POST00495,2025-02-19 14:00,2025-02,YouTube,laptop brand,"The laptop brand update ruined everything, please fix this asap. 👎",0,1,Negative,Negative
POST00395,2025-12-21 07:00,2025-12,Facebook,online banking app,"Really disappointed with online banking app, expected way better. 😡",32,0,Negative,Negative
POST01865,2025-03-02 11:00,2025-03,Facebook,e-commerce sale,"The e-commerce sale is okay I guess, nothing special but works.",5,1,Neutral,Neutral
POST01491,2025-01-10 08:00,2025-01,Instagram,cloud gaming service,"Saw an ad for cloud gaming service today, might check it out later. 🤔",57,0,Neutral,Neutral
POST00484,2025-07-29 21:00,2025-07,Twitter,online banking app,"The online banking app update ruined everything, please fix this asap. 😞",8,3,Negative,Negative
POST01092,2025-05-03 19:00,2025-05,YouTube,e-commerce sale,Why is e-commerce sale so slow today? Getting really annoyed. 😞,21,6,Negative,Negative
POST00788,2025-12-25 02:00,2025-12,Twitter,electric car,"The electric car broke down after just one week, very poor quality. 😡",4,2,Negative,Negative
POST00614,2025-11-05 07:00,2025-11,Instagram,new smartphone,"Absolutely loving the new smartphone, works flawlessly! #happy",11,4,Positive,Positive
POST01008,2025-10-25 17:00,2025-10,Instagram,cloud gaming service,Why is cloud gaming service so slow today? Getting really annoyed. 😞,13,1,Negative,Negative
POST01234,2025-07-27 15:00,2025-07,Twitter,airline service,"Best airline service I've used so far, highly recommend it to everyone! ❤️",23,9,Positive,Positive
POST01456,2025-06-26 00:00,2025-06,Facebook,electric car,"Terrible customer support for electric car, waited hours for a reply. 😞",1,2,Negative,Negative
POST01358,2025-06-13 14:00,2025-06,YouTube,e-commerce sale,"The e-commerce sale update ruined everything, please fix this asap. 😞",10,3,Negative,Negative
POST01850,2025-01-07 19:00,2025-01,Instagram,airline service,"Mixed feelings about airline service, some parts great some not.",8,3,Neutral,Neutral
POST01818,2025-02-20 02:00,2025-02,YouTube,food delivery app,Loved the food delivery app at first but the recent update is buggy.,9,5,Negative,Negative
POST01453,2025-06-11 12:00,2025-06,Facebook,airline service,"Best airline service I've used so far, highly recommend it to everyone! ❤️",24,6,Positive,Positive
POST02016,2025-03-04 00:00,2025-03,Facebook,streaming app,"Decent streaming app, does the job but support could be faster.",55,2,Neutral,Neutral
POST00125,2025-09-08 17:00,2025-09,YouTube,electric car,"Huge shoutout to the team behind electric car, amazing job! ❤️",28,0,Positive,Positive
POST00651,2025-04-14 20:00,2025-04,YouTube,cloud gaming service,"Best cloud gaming service I've used so far, highly recommend it to everyone!",6,7,Positive,Positive
POST01713,2025-02-24 12:00,2025-02,Instagram,cloud gaming service,"Really disappointed with cloud gaming service, expected way better.",0,4,Negative,Negative
POST00433,2025-10-10 10:00,2025-10,Instagram,customer support,"The customer support exceeded my expectations, five stars from me. ❤️",2,8,Positive,Positive
POST00423,2025-11-26 21:00,2025-11,Facebook,new smartphone,"Can't stop recommending new smartphone to my friends, it's brilliant.",16,7,Positive,Positive
POST01872,2025-10-23 13:00,2025-10,Twitter,airline service,"Mixed feelings about airline service, some parts great some not.",20,7,Neutral,Neutral
POST00722,2025-06-18 11:00,2025-06,Instagram,cloud gaming service,The cloud gaming service is scheduled for release next week.,7,15,Neutral,Neutral
POST01668,2025-03-05 12:00,2025-03,Twitter,customer support,"Feeling let down by customer support, it just doesn't work as promised. 😞",23,1,Negative,Negative
POST01392,2025-06-15 04:00,2025-06,Twitter,laptop brand,"Really disappointed with laptop brand, expected way better. 😡",24,21,Negative,Negative
POST00589,2025-04-17 14:00,2025-04,Facebook,airline service,"The airline service exceeded my expectations, five stars from me. ❤️",9,10,Positive,Positive
POST01817,2025-01-22 18:00,2025-01,Twitter,cloud gaming service,Loved the cloud gaming service at first but the recent update is buggy.,11,0,Negative,Negative
POST01104,2025-07-09 17:00,2025-07,Twitter,online banking app,"Really disappointed with online banking app, expected way better. 😡",15,4,Negative,Negative
POST01129,2025-09-11 13:00,2025-09,Instagram,streaming app,"Can't stop recommending streaming app to my friends, it's brilliant. 🔥",52,2,Positive,Positive
POST01975,2025-09-23 23:00,2025-09,Facebook,streaming app,"The streaming app is okay I guess, nothing special but works.",42,4,Neutral,Neutral
POST01238,2025-12-14 17:00,2025-12,Instagram,new smartphone,"The new smartphone keeps crashing, so frustrating to deal with. 👎",14,3,Negative,Negative
POST00030,2025-01-30 07:00,2025-01,Instagram,online banking app,"Feeling let down by online banking app, it just doesn't work as promised. 😡",26,2,Negative,Negative
POST00545,2025-02-05 16:00,2025-02,Instagram,cloud gaming service,"Feeling let down by cloud gaming service, it just doesn't work as promised. 😡",19,10,Negative,Negative
POST00454,2025-04-28 06:00,2025-04,Twitter,fitness tracker,"Feeling let down by fitness tracker, it just doesn't work as promised.",29,0,Negative,Negative
POST01059,2025-08-31 01:00,2025-08,YouTube,cloud gaming service,"Best cloud gaming service I've used so far, highly recommend it to everyone! ❤️",5,8,Positive,Positive
POST00603,2025-05-24 12:00,2025-05,Twitter,new smartphone,"Worst experience ever with new smartphone, would not recommend.",2,0,Positive,Negative
POST00057,2025-07-09 09:00,2025-07,Instagram,airline service,"Best airline service I've used so far, highly recommend it to everyone! ❤️",22,9,Positive,Positive
POST01794,2025-01-11 04:00,2025-01,Twitter,airline service,"Best airline service I've used so far, highly recommend it to everyone! 👍",6,5,Positive,Positive
POST00549,2025-11-27 02:00,2025-11,Facebook,food delivery app,"Huge shoutout to the team behind food delivery app, amazing job!",35,1,Positive,Positive
POST01118,2025-05-06 15:00,2025-05,Twitter,e-commerce sale,"The e-commerce sale keeps crashing, so frustrating to deal with. 👎",28,2,Negative,Negative
POST00252,2025-09-26 02:00,2025-09,YouTube,customer support,"Can't stop recommending customer support to my friends, it's brilliant. 👍",3,12,Positive,Positive
POST00100,2025-10-22 12:00,2025-10,Twitter,electric car,"Great value for money with electric car, totally worth it. 😊",24,0,Positive,Positive
POST01345,2025-12-16 07:00,2025-12,YouTube,customer support,"The customer support exceeded my expectations, five stars from me. 🔥",122,1,Positive,Positive
POST00907,2025-06-16 15:00,2025-06,Facebook,new smartphone,The new smartphone is scheduled for release next week.,0,9,Neutral,Neutral
POST00299,2025-01-09 11:00,2025-01,Facebook,laptop brand,"The laptop brand keeps crashing, so frustrating to deal with. 👎",2,1,Negative,Negative
POST01559,2025-06-19 23:00,2025-06,YouTube,food delivery app,"Not happy at all with food delivery app, total waste of money. 😞",26,0,Negative,Negative
POST00926,2025-01-29 08:00,2025-01,Instagram,airline service,"Not happy at all with airline service, total waste of money. 😡",0,0,Negative,Negative
POST01285,2025-06-10 03:00,2025-06,Twitter,customer support,"The customer support update ruined everything, please fix this asap. 😡",33,4,Negative,Negative
POST02012,2025-05-31 19:00,2025-05,YouTube,e-commerce sale,"Decent e-commerce sale, does the job but support could be faster.",12,5,Neutral,Neutral
POST01867,2025-12-14 13:00,2025-12,Instagram,laptop brand,"The laptop brand is fine, price is a bit high though.",11,6,Neutral,Neutral
POST01325,2025-12-06 17:00,2025-12,YouTube,online banking app,"Super smooth experience with online banking app today, very happy customer here. 🔥",30,2,Positive,Positive
POST01547,2025-10-31 06:00,2025-10,Twitter,new smartphone,"Attended a webinar about new smartphone, learned a few things. 🤔",20,11,Neutral,Neutral
POST00528,2025-10-23 20:00,2025-10,Instagram,new movie release,"The new movie release exceeded my expectations, five stars from me. ❤️",22,5,Positive,Positive
POST01445,2025-04-16 11:00,2025-04,Twitter,streaming app,"Worst experience ever with streaming app, would not recommend. 👎",12,1,Negative,Negative
POST01256,2025-08-02 05:00,2025-08,Facebook,cloud gaming service,"Great value for money with cloud gaming service, totally worth it. 🔥",22,4,Positive,Positive
POST00071,2025-04-24 06:00,2025-04,YouTube,new smartphone,"The new smartphone update ruined everything, please fix this asap. 👎",14,4,Negative,Negative
POST00276,2025-09-17 17:00,2025-09,Twitter,online banking app,"Read an article about online banking app today, fairly informative. 🤔",5,1,Neutral,Neutral
POST01055,2025-01-06 20:00,2025-01,Instagram,fitness tracker,"Huge shoutout to the team behind fitness tracker, amazing job! 👍",17,0,Positive,Positive
POST00412,2025-03-02 05:00,2025-03,Facebook,cloud gaming service,"Really impressed by how well cloud gaming service performs, well done! ❤️",26,3,Positive,Positive
POST00066,2025-08-09 04:00,2025-08,Instagram,laptop brand,"Absolutely loving the laptop brand, works flawlessly! #happy 👍",32,18,Positive,Positive
POST00618,2025-10-28 03:00,2025-10,YouTube,laptop brand,Here's a quick overview of the new laptop brand update.,23,7,Neutral,Neutral
POST01010,2025-10-13 17:00,2025-10,Twitter,laptop brand,"The laptop brand keeps crashing, so frustrating to deal with. 😞",13,4,Negative,Negative
POST01569,2025-03-08 06:00,2025-03,Instagram,airline service,Why is airline service so slow today? Getting really annoyed.,6,6,Negative,Negative
POST01229,2025-12-31 17:00,2025-12,Instagram,streaming app,"Terrible customer support for streaming app, waited hours for a reply. 😞",10,10,Negative,Negative
POST00999,2025-09-14 14:00,2025-09,Instagram,streaming app,"Really impressed by how well streaming app performs, well done! 😊",50,1,Positive,Positive
POST01407,2025-03-18 04:00,2025-03,Facebook,new movie release,"Terrible customer support for new movie release, waited hours for a reply. 😞",3,1,Negative,Negative
POST01499,2025-07-31 10:00,2025-07,Instagram,laptop brand,The laptop brand has some new features this month.,11,2,Neutral,Neutral
POST00112,2025-07-08 05:00,2025-07,Facebook,new movie release,"The customer service for new movie release was fantastic, quick and helpful.",1,0,Positive,Positive
POST00353,2025-07-05 17:00,2025-07,Instagram,new smartphone,The new smartphone has some new features this month. 🤔,6,2,Neutral,Neutral
POST01138,2025-06-10 17:00,2025-06,Instagram,laptop brand,"Absolutely loving the laptop brand, works flawlessly! #happy 😊",0,3,Positive,Positive
POST00862,2025-10-14 02:00,2025-10,Twitter,customer support,"Extremely poor service from customer support, never again. 👎",10,3,Negative,Negative
POST01062,2025-04-17 18:00,2025-04,Twitter,fitness tracker,"Super smooth experience with fitness tracker today, very happy customer here. 👍",18,6,Positive,Positive
POST00573,2025-03-03 16:00,2025-03,Facebook,airline service,"Absolutely loving the airline service, works flawlessly! #happy 🔥",29,32,Positive,Positive
POST00927,2025-04-03 06:00,2025-04,YouTube,fitness tracker,"Terrible customer support for fitness tracker, waited hours for a reply.",2,0,Negative,Negative
POST01408,2025-06-01 18:00,2025-06,YouTube,fitness tracker,"Really disappointed with fitness tracker, expected way better. 😡",27,6,Negative,Negative
POST00439,2025-09-13 17:00,2025-09,Instagram,e-commerce sale,"The e-commerce sale broke down after just one week, very poor quality. 👎",12,2,Negative,Negative
POST01344,2025-12-25 03:00,2025-12,Facebook,new movie release,"Super smooth experience with new movie release today, very happy customer here.",27,2,Positive,Positive
POST00747,2025-12-04 18:00,2025-12,YouTube,new movie release,"Really impressed by how well new movie release performs, well done! 🔥",6,12,Positive,Positive
POST01394,2025-12-02 19:00,2025-12,Twitter,laptop brand,"Great value for money with laptop brand, totally worth it. 👍",12,8,Positive,Positive
POST01447,2025-06-21 04:00,2025-06,Facebook,cloud gaming service,"Just tried the cloud gaming service and I'm impressed, great experience overall. 🔥",6,4,Positive,Positive
POST00544,2025-06-03 04:00,2025-06,Facebook,laptop brand,"Not happy at all with laptop brand, total waste of money. 😞",16,1,Negative,Negative
POST01305,2025-12-28 05:00,2025-12,Facebook,streaming app,"Great value for money with streaming app, totally worth it. ❤️",95,26,Positive,Positive
POST01193,2025-08-23 23:00,2025-08,Instagram,laptop brand,"Huge shoutout to the team behind laptop brand, amazing job! 👍",16,10,Positive,Positive
POST01005,2025-09-24 21:00,2025-09,YouTube,electric car,"The customer service for electric car was fantastic, quick and helpful. 🔥",10,7,Positive,Positive
POST00070,2025-05-17 05:00,2025-05,Instagram,customer support,"The customer support keeps crashing, so frustrating to deal with.",0,0,Negative,Negative
POST00768,2025-10-12 08:00,2025-10,Facebook,customer support,"Worst experience ever with customer support, would not recommend. 😞",8,1,Negative,Negative
POST00556,2025-01-31 12:00,2025-01,Twitter,food delivery app,"Read an article about food delivery app today, fairly informative.",2,10,Neutral,Neutral
POST01369,2025-05-15 07:00,2025-05,Facebook,new smartphone,"The customer service for new smartphone was fantastic, quick and helpful. ❤️",27,26,Positive,Positive
POST01302,2025-10-05 10:00,2025-10,Facebook,new movie release,"Really impressed by how well new movie release performs, well done!",46,5,Positive,Positive
POST01692,2025-07-02 10:00,2025-07,Twitter,customer support,"Just tried the customer support and I'm impressed, great experience overall. 😊",89,5,Positive,Positive
POST01542,2025-02-03 03:00,2025-02,YouTube,online banking app,"Really disappointed with online banking app, expected way better. 😡",34,4,Negative,Negative
POST00583,2025-10-25 03:00,2025-10,Twitter,new movie release,"Really impressed by how well new movie release performs, well done! 🔥",7,11,Positive,Positive
POST00600,2025-03-30 11:00,2025-03,YouTube,cloud gaming service,"Huge shoutout to the team behind cloud gaming service, amazing job! 🔥",1,0,Positive,Positive
POST00591,2025-03-17 02:00,2025-03,Facebook,food delivery app,Why is food delivery app so slow today? Getting really annoyed. 👎,18,8,Positive,Negative
POST01601,2025-11-24 09:00,2025-11,YouTube,e-commerce sale,"Just tried the e-commerce sale and I'm impressed, great experience overall. 🔥",1,19,Positive,Positive
POST00679,2025-09-04 02:00,2025-09,Twitter,online banking app,"The online banking app broke down after just one week, very poor quality. 👎",5,0,Negative,Negative
POST01906,2025-02-13 18:00,2025-02,Facebook,food delivery app,"The food delivery app is okay I guess, nothing special but works.",0,4,Neutral,Neutral
POST01819,2025-06-04 23:00,2025-06,Facebook,e-commerce sale,"The e-commerce sale is fine, price is a bit high though.",2,7,Neutral,Neutral
POST01091,2025-06-04 17:00,2025-06,Twitter,laptop brand,"Great value for money with laptop brand, totally worth it. ❤️",0,10,Positive,Positive
POST00706,2025-10-29 16:00,2025-10,Twitter,food delivery app,"Best food delivery app I've used so far, highly recommend it to everyone! 😊",14,7,Neutral,Positive
POST00465,2025-02-12 08:00,2025-02,Twitter,electric car,"Best electric car I've used so far, highly recommend it to everyone! ❤️",18,3,Positive,Positive
POST00515,2025-09-08 05:00,2025-09,YouTube,electric car,"The electric car keeps crashing, so frustrating to deal with. 😡",3,13,Negative,Negative
POST01650,2025-09-24 13:00,2025-09,Twitter,cloud gaming service,The cloud gaming service has some new features this month. 🤔,19,7,Neutral,Neutral
POST01952,2025-08-23 04:00,2025-08,Instagram,new smartphone,"Decent new smartphone, does the job but support could be faster.",8,1,Neutral,Neutral
POST00874,2025-03-03 02:00,2025-03,Twitter,streaming app,"Great value for money with streaming app, totally worth it.",38,17,Positive,Positive
POST01294,2025-03-04 07:00,2025-03,YouTube,food delivery app,"Can't stop recommending food delivery app to my friends, it's brilliant. ❤️",17,10,Positive,Positive
POST00129,2025-05-19 09:00,2025-05,YouTube,laptop brand,The laptop brand has some new features this month. 🤔,19,1,Neutral,Neutral
POST01380,2025-07-04 13:00,2025-07,Facebook,new movie release,"The new movie release exceeded my expectations, five stars from me. 👍",27,6,Positive,Positive
POST01690,2025-06-22 19:00,2025-06,YouTube,new movie release,"Can't stop recommending new movie release to my friends, it's brilliant. 👍",63,0,Positive,Positive
POST00533,2025-05-26 10:00,2025-05,Facebook,online banking app,"Really impressed by how well online banking app performs, well done!",2,0,Positive,Positive
POST00858,2025-07-27 18:00,2025-07,YouTube,laptop brand,"Saw an ad for laptop brand today, might check it out later. 🤔",4,2,Neutral,Neutral
POST00938,2025-12-26 17:00,2025-12,Instagram,cloud gaming service,"The cloud gaming service keeps crashing, so frustrating to deal with. 😞",13,0,Negative,Negative
POST00362,2025-08-02 18:00,2025-08,Twitter,cloud gaming service,The cloud gaming service has some new features this month. 🤔,34,2,Neutral,Neutral
POST00577,2025-07-08 18:00,2025-07,YouTube,food delivery app,The food delivery app is scheduled for release next week. 🤔,11,1,Neutral,Neutral
POST01914,2025-04-21 21:00,2025-04,Instagram,electric car,"The electric car is okay I guess, nothing special but works.",5,1,Neutral,Neutral
POST00257,2025-08-26 18:00,2025-08,YouTube,cloud gaming service,"The customer service for cloud gaming service was fantastic, quick and helpful. ❤️",43,0,Positive,Positive
POST01240,2025-01-29 19:00,2025-01,Facebook,airline service,"Huge shoutout to the team behind airline service, amazing job!",14,2,Positive,Positive
POST01090,2025-09-18 03:00,2025-09,Instagram,e-commerce sale,"Not happy at all with e-commerce sale, total waste of money. 😡",11,4,Negative,Negative
POST00487,2025-10-06 01:00,2025-10,YouTube,fitness tracker,"Super smooth experience with fitness tracker today, very happy customer here.",26,4,Positive,Positive
POST00343,2025-07-09 16:00,2025-07,Instagram,customer support,"Read an article about customer support today, fairly informative. 🤔",22,1,Neutral,Neutral
POST00813,2025-09-21 04:00,2025-09,Instagram,cloud gaming service,"Great value for money with cloud gaming service, totally worth it. 🔥",10,6,Positive,Positive
POST01176,2025-04-02 02:00,2025-04,Twitter,new smartphone,"The customer service for new smartphone was fantastic, quick and helpful. 👍",90,11,Positive,Positive
POST01042,2025-12-08 18:00,2025-12,Twitter,streaming app,"Feeling let down by streaming app, it just doesn't work as promised. 👎",15,3,Neutral,Negative
POST01581,2025-08-27 16:00,2025-08,Twitter,food delivery app,"Feeling let down by food delivery app, it just doesn't work as promised. 👎",1,0,Negative,Negative
POST01891,2025-06-22 14:00,2025-06,YouTube,new movie release,"Decent new movie release, does the job but support could be faster.",0,1,Neutral,Neutral
POST00308,2025-09-12 22:00,2025-09,Instagram,laptop brand,"The laptop brand update ruined everything, please fix this asap. 👎",26,6,Negative,Negative
POST01420,2025-01-14 06:00,2025-01,Instagram,new smartphone,"The new smartphone update ruined everything, please fix this asap. 😞",5,2,Negative,Negative
POST00520,2025-06-02 01:00,2025-06,Instagram,airline service,"The airline service update ruined everything, please fix this asap. 👎",21,9,Negative,Negative
POST01122,2025-02-01 20:00,2025-02,Facebook,electric car,"Great value for money with electric car, totally worth it.",69,8,Positive,Positive
POST00681,2025-01-30 19:00,2025-01,Instagram,streaming app,Comparing streaming app with other options currently available.,9,2,Neutral,Neutral
POST00234,2025-12-26 09:00,2025-12,Facebook,streaming app,"The streaming app broke down after just one week, very poor quality. 👎",9,0,Negative,Negative
POST00232,2025-05-23 18:00,2025-05,Twitter,laptop brand,"Huge shoutout to the team behind laptop brand, amazing job! ❤️",3,7,Positive,Positive
POST00584,2025-02-08 18:00,2025-02,YouTube,cloud gaming service,"The customer service for cloud gaming service was fantastic, quick and helpful. 😊",19,1,Positive,Positive
POST01551,2025-03-17 15:00,2025-03,Instagram,online banking app,"The online banking app exceeded my expectations, five stars from me.",31,5,Positive,Positive
POST01838,2025-11-17 00:00,2025-11,Twitter,laptop brand,"Decent laptop brand, does the job but support could be faster.",0,2,Neutral,Neutral
POST00893,2025-07-30 03:00,2025-07,Twitter,laptop brand,"Super smooth experience with laptop brand today, very happy customer here.",1,0,Positive,Positive
POST01232,2025-12-07 10:00,2025-12,Twitter,food delivery app,"Super smooth experience with food delivery app today, very happy customer here. 🔥",10,0,Positive,Positive
POST00789,2025-11-07 02:00,2025-11,Facebook,online banking app,"Terrible customer support for online banking app, waited hours for a reply.",0,0,Negative,Negative
POST00839,2025-07-15 11:00,2025-07,YouTube,food delivery app,"Feeling let down by food delivery app, it just doesn't work as promised. 😡",31,0,Negative,Negative
POST01086,2025-03-15 19:00,2025-03,Instagram,food delivery app,"The food delivery app exceeded my expectations, five stars from me. 👍",29,1,Positive,Positive
POST00355,2025-07-21 11:00,2025-07,Twitter,streaming app,Here's a quick overview of the new streaming app update.,6,2,Neutral,Neutral
POST01693,2025-03-13 00:00,2025-03,YouTube,new movie release,"Feeling let down by new movie release, it just doesn't work as promised. 😡",3,2,Negative,Negative
POST01158,2025-02-11 14:00,2025-02,Facebook,fitness tracker,The fitness tracker has some new features this month. 🤔,11,4,Neutral,Neutral
POST01785,2025-09-07 00:00,2025-09,Twitter,customer support,"Best customer support I've used so far, highly recommend it to everyone! 👍",19,6,Positive,Positive
POST00306,2025-12-02 10:00,2025-12,Twitter,laptop brand,"Terrible customer support for laptop brand, waited hours for a reply. 😡",4,11,Negative,Negative
POST00472,2025-12-17 12:00,2025-12,Instagram,food delivery app,"Best food delivery app I've used so far, highly recommend it to everyone! 🔥",18,22,Positive,Positive
POST01683,2025-04-06 06:00,2025-04,Instagram,new movie release,"Really disappointed with new movie release, expected way better. 😞",9,1,Negative,Negative
POST00932,2025-04-12 11:00,2025-04,Facebook,new movie release,"Absolutely loving the new movie release, works flawlessly! #happy 🔥",14,7,Positive,Positive
POST01566,2025-07-14 20:00,2025-07,Instagram,cloud gaming service,"The cloud gaming service was launched today, here are the specifications.",8,2,Neutral,Neutral
POST01481,2025-01-02 03:00,2025-01,YouTube,electric car,"Read an article about electric car today, fairly informative.",21,1,Neutral,Neutral
POST01111,2025-03-12 20:00,2025-03,Twitter,streaming app,"Not happy at all with streaming app, total waste of money.",16,0,Negative,Negative
POST01587,2025-06-20 06:00,2025-06,Instagram,new smartphone,"The new smartphone broke down after just one week, very poor quality. 👎",53,2,Negative,Negative
POST01271,2025-03-30 22:00,2025-03,Facebook,new movie release,"Terrible customer support for new movie release, waited hours for a reply. 😡",7,1,Negative,Negative
POST00819,2025-07-07 18:00,2025-07,YouTube,customer support,"The customer support keeps crashing, so frustrating to deal with. 👎",1,2,Negative,Negative
POST00121,2025-08-26 18:00,2025-08,Instagram,new movie release,"The customer service for new movie release was fantastic, quick and helpful. ❤️",25,4,Positive,Positive
POST01361,2025-01-11 00:00,2025-01,Instagram,customer support,"Extremely poor service from customer support, never again. 😞",3,3,Negative,Negative
POST01894,2025-12-15 14:00,2025-12,YouTube,customer support,"The customer support is okay I guess, nothing special but works.",5,2,Negative,Neutral
POST00820,2025-09-22 12:00,2025-09,Instagram,customer support,"The customer support broke down after just one week, very poor quality. 👎",8,2,Negative,Negative
POST01164,2025-07-27 03:00,2025-07,Twitter,laptop brand,Why is laptop brand so slow today? Getting really annoyed.,1,3,Negative,Negative
POST00428,2025-08-19 11:00,2025-08,Twitter,laptop brand,"The laptop brand keeps crashing, so frustrating to deal with. 😞",9,0,Negative,Negative
POST00136,2025-04-05 01:00,2025-04,Facebook,new movie release,The new movie release has some new features this month.,5,0,Neutral,Neutral
POST01508,2025-01-01 01:00,2025-01,Instagram,online banking app,"The online banking app update ruined everything, please fix this asap. 👎",26,3,Negative,Negative
POST00375,2025-06-26 04:00,2025-06,YouTube,customer support,The customer support has some new features this month. 🤔,19,4,Neutral,Neutral
POST00317,2025-11-06 04:00,2025-11,Twitter,customer support,The customer support is scheduled for release next week.,10,3,Neutral,Neutral
POST00430,2025-04-07 18:00,2025-04,Twitter,new smartphone,"Really impressed by how well new smartphone performs, well done! 🔥",0,0,Positive,Positive
POST00255,2025-05-01 03:00,2025-05,Instagram,laptop brand,"Best laptop brand I've used so far, highly recommend it to everyone! 👍",34,0,Positive,Positive
POST00415,2025-03-21 08:00,2025-03,Facebook,new movie release,"Saw an ad for new movie release today, might check it out later. 🤔",22,5,Neutral,Neutral
POST01126,2025-02-27 19:00,2025-02,Twitter,online banking app,"Not sure yet what to think about online banking app, still testing it out. 🤔",17,0,Neutral,Neutral
POST00110,2025-01-11 19:00,2025-01,Instagram,food delivery app,"Worst experience ever with food delivery app, would not recommend. 😞",6,1,Negative,Negative
POST01675,2025-09-23 06:00,2025-09,Twitter,customer support,Comparing customer support with other options currently available. 🤔,15,10,Negative,Neutral
POST01250,2025-02-15 00:00,2025-02,YouTube,airline service,"Not happy at all with airline service, total waste of money. 👎",6,8,Negative,Negative
POST00571,2025-04-02 01:00,2025-04,Instagram,customer support,"Really impressed by how well customer support performs, well done! ❤️",1,12,Positive,Positive
POST00240,2025-09-06 19:00,2025-09,YouTube,new movie release,The new movie release is scheduled for release next week.,1,5,Neutral,Neutral
POST01608,2025-04-16 09:00,2025-04,Instagram,food delivery app,"Can't stop recommending food delivery app to my friends, it's brilliant. ❤️",11,3,Positive,Positive
POST00394,2025-06-04 18:00,2025-06,Facebook,online banking app,"Feeling let down by online banking app, it just doesn't work as promised. 😡",39,1,Negative,Negative
POST01135,2025-08-10 19:00,2025-08,Facebook,airline service,The airline service has some new features this month.,4,5,Neutral,Neutral
POST00213,2025-12-05 00:00,2025-12,Twitter,streaming app,"Worst experience ever with streaming app, would not recommend. 😡",3,1,Negative,Negative
POST01570,2025-06-12 19:00,2025-06,Facebook,electric car,"Can't stop recommending electric car to my friends, it's brilliant. 🔥",42,8,Positive,Positive
POST01375,2025-09-16 19:00,2025-09,Facebook,new smartphone,"Not happy at all with new smartphone, total waste of money. 👎",27,6,Negative,Negative
POST00782,2025-10-03 22:00,2025-10,Instagram,airline service,"Can't stop recommending airline service to my friends, it's brilliant. 😊",71,8,Positive,Positive
POST01770,2025-02-13 23:00,2025-02,Twitter,streaming app,"The streaming app exceeded my expectations, five stars from me.",54,17,Positive,Positive
POST00352,2025-07-26 11:00,2025-07,Facebook,electric car,"Just started using electric car, will share my thoughts soon.",74,1,Neutral,Neutral
POST01428,2025-04-29 22:00,2025-04,YouTube,electric car,"Just started using electric car, will share my thoughts soon. 🤔",2,0,Neutral,Neutral
POST00580,2025-06-07 03:00,2025-06,YouTube,new smartphone,"Huge shoutout to the team behind new smartphone, amazing job!",11,4,Positive,Positive
POST00345,2025-02-19 01:00,2025-02,Instagram,food delivery app,"The food delivery app exceeded my expectations, five stars from me. ❤️",3,0,Positive,Positive
POST00773,2025-04-24 06:00,2025-04,Facebook,airline service,"Super smooth experience with airline service today, very happy customer here. 👍",12,4,Positive,Positive
POST00282,2025-07-15 16:00,2025-07,Facebook,new movie release,"Read an article about new movie release today, fairly informative.",1,2,Neutral,Neutral
POST01563,2025-04-12 09:00,2025-04,Instagram,new smartphone,"Best new smartphone I've used so far, highly recommend it to everyone! 🔥",0,6,Positive,Positive
POST00531,2025-02-17 23:00,2025-02,Twitter,laptop brand,"The laptop brand update ruined everything, please fix this asap. 👎",56,0,Negative,Negative
POST01272,2025-04-24 04:00,2025-04,Twitter,electric car,"Worst experience ever with electric car, would not recommend. 😞",3,3,Negative,Negative
POST01613,2025-06-27 22:00,2025-06,YouTube,cloud gaming service,"The cloud gaming service exceeded my expectations, five stars from me. ❤️",13,0,Positive,Positive
POST01161,2025-04-08 04:00,2025-04,YouTube,airline service,"Absolutely loving the airline service, works flawlessly! #happy 🔥",21,2,Positive,Positive
POST02011,2025-01-18 16:00,2025-01,Instagram,new movie release,"The new movie release is okay I guess, nothing special but works.",18,2,Neutral,Neutral
POST00212,2025-05-22 04:00,2025-05,Twitter,streaming app,"Worst experience ever with streaming app, would not recommend. 👎",1,2,Negative,Negative
POST00351,2025-02-25 13:00,2025-02,Twitter,fitness tracker,"Not sure yet what to think about fitness tracker, still testing it out.",9,11,Neutral,Neutral
POST00325,2025-12-31 22:00,2025-12,Instagram,online banking app,"Not sure yet what to think about online banking app, still testing it out.",2,0,Neutral,Neutral
POST00562,2025-06-08 21:00,2025-06,Twitter,e-commerce sale,"Not sure yet what to think about e-commerce sale, still testing it out. 🤔",1,7,Negative,Neutral
POST01808,2025-05-07 10:00,2025-05,YouTube,laptop brand,"Decent laptop brand, does the job but support could be faster.",0,1,Neutral,Neutral
POST00713,2025-02-24 15:00,2025-02,Twitter,online banking app,"Huge shoutout to the team behind online banking app, amazing job!",32,1,Positive,Positive
POST01624,2025-08-13 04:00,2025-08,Instagram,fitness tracker,The fitness tracker is scheduled for release next week.,5,0,Neutral,Neutral
POST02013,2025-01-16 03:00,2025-01,YouTube,laptop brand,"The laptop brand is fine, price is a bit high though.",1,1,Neutral,Neutral
POST00050,2025-01-30 16:00,2025-01,Instagram,new movie release,"The new movie release keeps crashing, so frustrating to deal with. 😞",0,1,Negative,Negative
POST00211,2025-10-28 06:00,2025-10,Instagram,airline service,Why is airline service so slow today? Getting really annoyed. 👎,27,2,Negative,Negative
POST01327,2025-01-10 20:00,2025-01,Instagram,cloud gaming service,"Really impressed by how well cloud gaming service performs, well done! 🔥",13,14,Positive,Positive
POST01360,2025-08-01 11:00,2025-08,Twitter,food delivery app,"Best food delivery app I've used so far, highly recommend it to everyone! ❤️",36,2,Positive,Positive
POST01982,2025-10-11 05:00,2025-10,Facebook,cloud gaming service,"Mixed feelings about cloud gaming service, some parts great some not.",28,0,Neutral,Neutral
POST00655,2025-02-24 18:00,2025-02,Twitter,e-commerce sale,"The e-commerce sale was launched today, here are the specifications.",5,3,Neutral,Neutral
POST01119,2025-06-25 17:00,2025-06,Twitter,e-commerce sale,"Absolutely loving the e-commerce sale, works flawlessly! #happy ❤️",2,9,Positive,Positive
POST01955,2025-01-19 06:00,2025-01,Twitter,cloud gaming service,"Mixed feelings about cloud gaming service, some parts great some not.",10,9,Neutral,Neutral
POST00174,2025-02-21 16:00,2025-02,YouTube,airline service,"Great value for money with airline service, totally worth it. 😊",22,3,Positive,Positive
POST00290,2025-08-30 22:00,2025-08,Facebook,new smartphone,"Best new smartphone I've used so far, highly recommend it to everyone! ❤️",49,23,Positive,Positive
POST00421,2025-05-21 01:00,2025-05,Facebook,customer support,"Really impressed by how well customer support performs, well done!",39,2,Positive,Positive
POST00248,2025-02-09 10:00,2025-02,YouTube,new smartphone,"The customer service for new smartphone was fantastic, quick and helpful. ❤️",34,5,Positive,Positive
POST00238,2025-10-18 19:00,2025-10,Facebook,online banking app,"The online banking app keeps crashing, so frustrating to deal with. 😡",7,2,Positive,Negative
POST01476,2025-03-02 19:00,2025-03,Facebook,fitness tracker,"Can't stop recommending fitness tracker to my friends, it's brilliant. 😊",6,0,Positive,Positive
POST01357,2025-02-26 05:00,2025-02,Twitter,laptop brand,Why is laptop brand so slow today? Getting really annoyed. 😞,22,1,Negative,Negative
POST01084,2025-02-17 22:00,2025-02,Instagram,new movie release,"The new movie release update ruined everything, please fix this asap. 😡",9,0,Negative,Negative
POST00024,2025-12-15 23:00,2025-12,Twitter,fitness tracker,"The fitness tracker was launched today, here are the specifications.",17,0,Neutral,Neutral
POST00977,2025-06-17 16:00,2025-06,Instagram,laptop brand,"Saw an ad for laptop brand today, might check it out later. 🤔",5,3,Neutral,Neutral
POST00064,2025-10-10 22:00,2025-10,YouTube,electric car,"Can't stop recommending electric car to my friends, it's brilliant.",2,18,Positive,Positive
POST01727,2025-01-29 03:00,2025-01,Instagram,cloud gaming service,"The cloud gaming service broke down after just one week, very poor quality.",29,1,Negative,Negative
POST00189,2025-12-25 09:00,2025-12,Facebook,e-commerce sale,"Absolutely loving the e-commerce sale, works flawlessly! #happy ❤️",22,3,Positive,Positive
POST00708,2025-11-01 01:00,2025-11,Twitter,e-commerce sale,"The e-commerce sale keeps crashing, so frustrating to deal with. 😡",40,2,Negative,Negative
POST00983,2025-10-15 19:00,2025-10,Instagram,cloud gaming service,"Extremely poor service from cloud gaming service, never again. 😞",8,1,Negative,Negative
POST01767,2025-05-22 13:00,2025-05,Facebook,fitness tracker,"Extremely poor service from fitness tracker, never again. 😞",0,6,Negative,Negative
POST00742,2025-01-02 10:00,2025-01,Instagram,airline service,"Super smooth experience with airline service today, very happy customer here. 👍",0,5,Positive,Positive
POST00916,2025-07-22 07:00,2025-07,YouTube,fitness tracker,"Not sure yet what to think about fitness tracker, still testing it out.",10,0,Neutral,Neutral
POST01429,2025-10-11 02:00,2025-10,Facebook,customer support,"Terrible customer support for customer support, waited hours for a reply.",10,8,Negative,Negative
POST01037,2025-09-13 17:00,2025-09,YouTube,new movie release,"Really disappointed with new movie release, expected way better.",11,4,Negative,Negative
POST00197,2025-03-14 07:00,2025-03,Twitter,new movie release,"Can't stop recommending new movie release to my friends, it's brilliant.",4,1,Positive,Positive
POST01695,2025-09-21 13:00,2025-09,YouTube,e-commerce sale,"Saw an ad for e-commerce sale today, might check it out later. 🤔",3,0,Neutral,Neutral
POST00949,2025-11-25 10:00,2025-11,YouTube,laptop brand,"The laptop brand keeps crashing, so frustrating to deal with. 😡",5,6,Negative,Negative
POST01932,2025-02-07 07:00,2025-02,YouTube,streaming app,"Mixed feelings about streaming app, some parts great some not.",16,3,Positive,Neutral
POST00271,2025-12-02 22:00,2025-12,Facebook,laptop brand,Comparing laptop brand with other options currently available. 🤔,21,0,Neutral,Neutral
POST00756,2025-06-30 17:00,2025-06,Twitter,electric car,"The electric car update ruined everything, please fix this asap.",10,4,Negative,Negative
POST00101,2025-07-19 13:00,2025-07,Facebook,laptop brand,"Really impressed by how well laptop brand performs, well done!",18,6,Positive,Positive
POST01670,2025-12-23 01:00,2025-12,Facebook,cloud gaming service,Comparing cloud gaming service with other options currently available.,2,2,Neutral,Neutral
POST00535,2025-01-09 03:00,2025-01,YouTube,airline service,"Best airline service I've used so far, highly recommend it to everyone! ❤️",10,0,Positive,Positive
POST01959,2025-12-25 15:00,2025-12,Twitter,online banking app,"Decent online banking app, does the job but support could be faster.",2,1,Neutral,Neutral
POST00221,2025-07-15 19:00,2025-07,Facebook,online banking app,"Really impressed by how well online banking app performs, well done! 👍",107,7,Positive,Positive
POST00367,2025-07-31 22:00,2025-07,Instagram,customer support,"Saw an ad for customer support today, might check it out later.",5,0,Neutral,Neutral
POST01824,2025-05-29 01:00,2025-05,Instagram,electric car,"Decent electric car, does the job but support could be faster.",4,3,Neutral,Neutral
POST01475,2025-08-22 15:00,2025-08,Instagram,airline service,"Really disappointed with airline service, expected way better. 😞",15,1,Negative,Negative
POST01816,2025-02-14 03:00,2025-02,YouTube,food delivery app,"Decent food delivery app, does the job but support could be faster.",9,0,Neutral,Neutral
POST01035,2025-08-17 09:00,2025-08,Facebook,online banking app,"Not sure yet what to think about online banking app, still testing it out. 🤔",6,1,Neutral,Neutral
POST00369,2025-12-06 15:00,2025-12,Facebook,fitness tracker,"Read an article about fitness tracker today, fairly informative.",2,2,Neutral,Neutral
POST00615,2025-06-19 19:00,2025-06,Twitter,new movie release,Why is new movie release so slow today? Getting really annoyed. 😞,11,11,Negative,Negative
POST01966,2025-02-23 15:00,2025-02,YouTube,e-commerce sale,"The e-commerce sale is okay I guess, nothing special but works.",17,1,Neutral,Neutral
POST01377,2025-09-15 15:00,2025-09,Instagram,online banking app,"Super smooth experience with online banking app today, very happy customer here. ❤️",0,2,Positive,Positive
POST01330,2025-03-17 07:00,2025-03,YouTube,laptop brand,"Worst experience ever with laptop brand, would not recommend. 👎",4,8,Negative,Negative
POST00307,2025-07-24 23:00,2025-07,YouTube,laptop brand,The laptop brand is scheduled for release next week.,1,8,Neutral,Neutral
POST00486,2025-08-18 19:00,2025-08,Twitter,customer support,The customer support is scheduled for release next week.,14,4,Neutral,Neutral
POST01403,2025-07-08 19:00,2025-07,YouTube,airline service,"Worst experience ever with airline service, would not recommend.",9,0,Negative,Negative
POST01999,2025-11-07 00:00,2025-11,Instagram,airline service,"Decent airline service, does the job but support could be faster.",1,15,Neutral,Neutral
POST00116,2025-06-27 17:00,2025-06,Twitter,airline service,"Not happy at all with airline service, total waste of money. 👎",12,0,Negative,Negative
POST01700,2025-03-07 15:00,2025-03,Twitter,fitness tracker,"Just tried the fitness tracker and I'm impressed, great experience overall. 👍",13,0,Positive,Positive
POST00923,2025-01-05 07:00,2025-01,YouTube,electric car,"The electric car keeps crashing, so frustrating to deal with. 😞",3,2,Negative,Negative
POST00417,2025-11-01 01:00,2025-11,Twitter,airline service,The airline service is scheduled for release next week. 🤔,11,6,Neutral,Neutral
POST01315,2025-01-20 14:00,2025-01,Facebook,new smartphone,"Can't stop recommending new smartphone to my friends, it's brilliant.",12,0,Positive,Positive
POST00508,2025-03-01 05:00,2025-03,Facebook,food delivery app,Here's a quick overview of the new food delivery app update. 🤔,5,0,Neutral,Neutral
POST01069,2025-09-05 16:00,2025-09,Twitter,fitness tracker,"Worst experience ever with fitness tracker, would not recommend. 😞",21,7,Negative,Negative
POST01007,2025-08-18 17:00,2025-08,Facebook,e-commerce sale,"Best e-commerce sale I've used so far, highly recommend it to everyone! 🔥",38,2,Positive,Positive
POST01323,2025-10-18 16:00,2025-10,Twitter,online banking app,"Great value for money with online banking app, totally worth it. ❤️",1,7,Positive,Positive
POST00079,2025-12-06 03:00,2025-12,Facebook,e-commerce sale,"The e-commerce sale exceeded my expectations, five stars from me.",32,2,Positive,Positive
POST01502,2025-06-12 14:00,2025-06,Twitter,online banking app,"Really impressed by how well online banking app performs, well done! ❤️",17,2,Positive,Positive
POST00033,2025-06-09 12:00,2025-06,Instagram,food delivery app,"The food delivery app broke down after just one week, very poor quality.",6,0,Negative,Negative
POST01851,2025-01-11 03:00,2025-01,YouTube,customer support,"The customer support is okay I guess, nothing special but works.",7,0,Neutral,Neutral
POST00939,2025-06-12 17:00,2025-06,Instagram,new movie release,"The new movie release broke down after just one week, very poor quality.",17,2,Negative,Negative
POST00384,2025-03-31 13:00,2025-03,Twitter,fitness tracker,"Not sure yet what to think about fitness tracker, still testing it out. 🤔",14,7,Neutral,Neutral
POST00765,2025-10-29 17:00,2025-10,Facebook,cloud gaming service,"The customer service for cloud gaming service was fantastic, quick and helpful. 🔥",18,0,Positive,Positive
POST00164,2025-09-13 22:00,2025-09,Instagram,airline service,The airline service has some new features this month.,7,3,Neutral,Neutral
POST00204,2025-07-18 14:00,2025-07,Instagram,food delivery app,"The food delivery app broke down after just one week, very poor quality.",0,6,Negative,Negative
POST01905,2025-10-10 06:00,2025-10,Instagram,online banking app,"The online banking app is okay I guess, nothing special but works.",5,2,Neutral,Neutral
POST01733,2025-03-01 02:00,2025-03,Twitter,new smartphone,"The new smartphone was launched today, here are the specifications.",0,1,Neutral,Neutral
POST00944,2025-02-05 16:00,2025-02,Instagram,online banking app,"Best online banking app I've used so far, highly recommend it to everyone! ❤️",16,8,Positive,Positive
POST01425,2025-01-27 10:00,2025-01,YouTube,online banking app,"Absolutely loving the online banking app, works flawlessly! #happy 😊",16,7,Positive,Positive
POST01940,2025-11-04 12:00,2025-11,Twitter,laptop brand,Loved the laptop brand at first but the recent update is buggy.,12,0,Negative,Negative
POST01986,2025-04-06 07:00,2025-04,Facebook,new movie release,Loved the new movie release at first but the recent update is buggy.,10,5,Negative,Negative
POST01432,2025-08-13 07:00,2025-08,Facebook,new movie release,"Read an article about new movie release today, fairly informative. 🤔",6,1,Neutral,Neutral
POST01519,2025-07-18 05:00,2025-07,Facebook,customer support,"Really disappointed with customer support, expected way better. 😡",9,4,Negative,Negative
POST00803,2025-06-11 13:00,2025-06,Facebook,e-commerce sale,"Best e-commerce sale I've used so far, highly recommend it to everyone! 😊",6,35,Positive,Positive
POST01386,2025-02-27 23:00,2025-02,YouTube,new movie release,"Best new movie release I've used so far, highly recommend it to everyone! 😊",19,15,Positive,Positive
POST00219,2025-09-09 22:00,2025-09,Twitter,cloud gaming service,"The cloud gaming service update ruined everything, please fix this asap. 😡",1,1,Negative,Negative
POST01951,2025-12-07 23:00,2025-12,Facebook,streaming app,"The streaming app is fine, price is a bit high though.",3,1,Neutral,Neutral
POST01844,2025-09-03 02:00,2025-09,Instagram,laptop brand,"Mixed feelings about laptop brand, some parts great some not.",2,4,Neutral,Neutral
POST01498,2025-01-30 09:00,2025-01,Twitter,streaming app,"Not happy at all with streaming app, total waste of money. 😡",10,6,Negative,Negative
POST00354,2025-10-09 08:00,2025-10,YouTube,customer support,"Feeling let down by customer support, it just doesn't work as promised. 😡",24,16,Negative,Negative
POST01382,2025-03-19 17:00,2025-03,YouTube,laptop brand,The laptop brand is scheduled for release next week. 🤔,30,4,Neutral,Neutral
POST00060,2025-10-11 04:00,2025-10,Twitter,airline service,"The airline service exceeded my expectations, five stars from me. 👍",69,1,Positive,Positive
POST01085,2025-12-17 20:00,2025-12,Facebook,new movie release,"The new movie release update ruined everything, please fix this asap.",1,1,Negative,Negative
POST00298,2025-07-19 15:00,2025-07,Twitter,fitness tracker,"Just started using fitness tracker, will share my thoughts soon.",21,2,Neutral,Neutral
POST00074,2025-01-15 03:00,2025-01,Facebook,customer support,The customer support has some new features this month. 🤔,12,3,Neutral,Neutral
POST00163,2025-02-17 07:00,2025-02,YouTube,fitness tracker,"Just tried the fitness tracker and I'm impressed, great experience overall. ❤️",8,24,Positive,Positive
POST00966,2025-05-26 19:00,2025-05,Twitter,new smartphone,"Just started using new smartphone, will share my thoughts soon. 🤔",9,1,Neutral,Neutral
POST01436,2025-04-13 05:00,2025-04,Instagram,streaming app,"The customer service for streaming app was fantastic, quick and helpful. ❤️",16,7,Positive,Positive
POST00555,2025-10-28 02:00,2025-10,Twitter,airline service,"Just started using airline service, will share my thoughts soon.",8,19,Neutral,Neutral
POST01054,2025-07-31 01:00,2025-07,YouTube,e-commerce sale,"Super smooth experience with e-commerce sale today, very happy customer here. 👍",14,0,Positive,Positive
POST00967,2025-06-03 07:00,2025-06,Twitter,online banking app,Why is online banking app so slow today? Getting really annoyed. 👎,0,0,Negative,Negative
POST00322,2025-12-22 15:00,2025-12,Facebook,e-commerce sale,"Huge shoutout to the team behind e-commerce sale, amazing job! 😊",8,3,Positive,Positive
POST00046,2025-04-20 12:00,2025-04,YouTube,new movie release,"Absolutely loving the new movie release, works flawlessly! #happy 🔥",18,9,Positive,Positive
POST01402,2025-09-01 08:00,2025-09,YouTube,new movie release,"Attended a webinar about new movie release, learned a few things.",1,2,Neutral,Neutral
POST01804,2025-07-28 16:00,2025-07,YouTube,new smartphone,"The new smartphone is okay I guess, nothing special but works.",33,2,Neutral,Neutral
POST00434,2025-06-07 08:00,2025-06,Facebook,new movie release,"The new movie release broke down after just one week, very poor quality.",0,11,Negative,Negative
POST01738,2025-07-21 17:00,2025-07,Twitter,customer support,"Really impressed by how well customer support performs, well done!",9,11,Positive,Positive
POST00077,2025-05-11 01:00,2025-05,Instagram,customer support,Comparing customer support with other options currently available. 🤔,11,6,Neutral,Neutral
POST01937,2025-04-19 22:00,2025-04,YouTube,e-commerce sale,"Decent e-commerce sale, does the job but support could be faster.",10,1,Neutral,Neutral
POST01744,2025-08-05 21:00,2025-08,Instagram,laptop brand,"Really disappointed with laptop brand, expected way better. 😞",13,2,Negative,Negative
POST00863,2025-09-20 08:00,2025-09,Twitter,laptop brand,"Really impressed by how well laptop brand performs, well done!",28,2,Positive,Positive
POST00481,2025-06-16 12:00,2025-06,Instagram,e-commerce sale,The e-commerce sale has some new features this month.,1,4,Neutral,Neutral
POST00612,2025-10-18 18:00,2025-10,Facebook,electric car,"Not sure yet what to think about electric car, still testing it out. 🤔",20,4,Neutral,Neutral
POST01995,2025-11-21 14:00,2025-11,Facebook,customer support,"Mixed feelings about customer support, some parts great some not.",73,0,Neutral,Neutral
POST00830,2025-02-13 06:00,2025-02,Facebook,electric car,The electric car is scheduled for release next week.,10,1,Neutral,Neutral
POST00031,2025-02-05 17:00,2025-02,YouTube,airline service,"Best airline service I've used so far, highly recommend it to everyone! 🔥",31,11,Positive,Positive
POST01467,2025-09-24 23:00,2025-09,YouTube,electric car,"Huge shoutout to the team behind electric car, amazing job! 😊",3,1,Positive,Positive
POST01527,2025-10-19 07:00,2025-10,Facebook,streaming app,"Read an article about streaming app today, fairly informative.",12,10,Neutral,Neutral
POST01002,2025-05-01 16:00,2025-05,Facebook,cloud gaming service,"Terrible customer support for cloud gaming service, waited hours for a reply. 😡",10,7,Negative,Negative
POST01703,2025-01-15 05:00,2025-01,YouTube,airline service,"Super smooth experience with airline service today, very happy customer here. ❤️",2,11,Neutral,Positive
POST00814,2025-09-05 11:00,2025-09,Instagram,streaming app,"Absolutely loving the streaming app, works flawlessly! #happy 🔥",20,6,Positive,Positive
POST01248,2025-08-01 04:00,2025-08,YouTube,electric car,"Attended a webinar about electric car, learned a few things. 🤔",16,0,Neutral,Neutral
POST01201,2025-08-02 01:00,2025-08,Twitter,e-commerce sale,"Absolutely loving the e-commerce sale, works flawlessly! #happy ❤️",21,1,Positive,Positive
POST01565,2025-04-01 08:00,2025-04,Twitter,food delivery app,"Just tried the food delivery app and I'm impressed, great experience overall. 😊",18,4,Positive,Positive
POST01582,2025-08-28 13:00,2025-08,YouTube,customer support,Comparing customer support with other options currently available.,3,0,Neutral,Neutral
POST01030,2025-06-15 22:00,2025-06,Facebook,airline service,"Best airline service I've used so far, highly recommend it to everyone! 😊",21,2,Positive,Positive
POST01588,2025-04-08 22:00,2025-04,Facebook,online banking app,"Attended a webinar about online banking app, learned a few things. 🤔",16,1,Neutral,Neutral
POST00045,2025-02-17 07:00,2025-02,Twitter,new smartphone,"Best new smartphone I've used so far, highly recommend it to everyone! ❤️",10,22,Positive,Positive
POST00383,2025-11-27 01:00,2025-11,Facebook,laptop brand,"The laptop brand was launched today, here are the specifications. 🤔",12,7,Neutral,Neutral
POST00169,2025-10-03 15:00,2025-10,YouTube,streaming app,"The streaming app broke down after just one week, very poor quality. 👎",2,9,Negative,Negative
POST00304,2025-06-11 09:00,2025-06,Twitter,food delivery app,"Really impressed by how well food delivery app performs, well done! ❤️",22,2,Positive,Positive
POST02008,2025-08-05 19:00,2025-08,YouTube,customer support,"Mixed feelings about customer support, some parts great some not.",0,0,Neutral,Neutral
POST00904,2025-11-13 04:00,2025-11,Facebook,airline service,"Just tried the airline service and I'm impressed, great experience overall. ❤️",37,5,Positive,Positive
POST01945,2025-12-09 08:00,2025-12,Instagram,customer support,"Mixed feelings about customer support, some parts great some not.",1,4,Negative,Neutral
POST01579,2025-07-11 08:00,2025-07,Instagram,e-commerce sale,"Extremely poor service from e-commerce sale, never again. 😡",1,2,Negative,Negative
POST00671,2025-01-26 05:00,2025-01,YouTube,new smartphone,"The customer service for new smartphone was fantastic, quick and helpful. 🔥",1,18,Positive,Positive
POST01287,2025-02-12 10:00,2025-02,Twitter,electric car,"The electric car update ruined everything, please fix this asap. 😡",21,6,Negative,Negative
POST01583,2025-05-20 12:00,2025-05,Facebook,new movie release,"Absolutely loving the new movie release, works flawlessly! #happy 🔥",0,3,Positive,Positive
POST01663,2025-06-06 14:00,2025-06,YouTube,customer support,The customer support has some new features this month.,11,5,Neutral,Neutral
POST00809,2025-10-30 06:00,2025-10,YouTube,e-commerce sale,"Absolutely loving the e-commerce sale, works flawlessly! #happy",57,0,Positive,Positive
POST00463,2025-10-11 12:00,2025-10,Facebook,food delivery app,Comparing food delivery app with other options currently available. 🤔,1,14,Neutral,Neutral
POST01286,2025-09-11 11:00,2025-09,Instagram,fitness tracker,"The fitness tracker exceeded my expectations, five stars from me.",10,6,Positive,Positive
POST01980,2025-04-29 03:00,2025-04,YouTube,streaming app,"The streaming app is fine, price is a bit high though.",5,1,Neutral,Neutral
POST00942,2025-10-05 22:00,2025-10,Facebook,fitness tracker,"Great value for money with fitness tracker, totally worth it. 🔥",9,15,Positive,Positive
POST00186,2025-06-26 18:00,2025-06,YouTube,airline service,"Terrible customer support for airline service, waited hours for a reply.",1,0,Negative,Negative
POST01520,2025-04-09 14:00,2025-04,Facebook,new movie release,"Really disappointed with new movie release, expected way better. 😞",32,23,Negative,Negative
POST00608,2025-10-27 07:00,2025-10,Facebook,fitness tracker,"Best fitness tracker I've used so far, highly recommend it to everyone! 😊",23,11,Positive,Positive
POST01379,2025-03-01 10:00,2025-03,Facebook,streaming app,"Really disappointed with streaming app, expected way better. 😞",0,5,Negative,Negative
POST00301,2025-10-07 10:00,2025-10,Facebook,new smartphone,"Best new smartphone I've used so far, highly recommend it to everyone! ❤️",0,1,Positive,Positive
POST00941,2025-05-09 01:00,2025-05,Instagram,electric car,The electric car is scheduled for release next week.,3,4,Neutral,Neutral
POST00716,2025-06-19 07:00,2025-06,YouTube,electric car,"Just started using electric car, will share my thoughts soon. 🤔",7,1,Neutral,Neutral
POST00586,2025-06-12 14:00,2025-06,Facebook,customer support,The customer support has some new features this month. 🤔,38,2,Neutral,Neutral
POST01615,2025-08-23 12:00,2025-08,YouTube,electric car,"Best electric car I've used so far, highly recommend it to everyone!",1,1,Positive,Positive
POST01024,2025-09-22 20:00,2025-09,YouTube,fitness tracker,"Really disappointed with fitness tracker, expected way better. 😞",14,3,Negative,Negative
POST01953,2025-12-12 13:00,2025-12,Twitter,laptop brand,"Mixed feelings about laptop brand, some parts great some not.",24,1,Neutral,Neutral
POST01603,2025-04-12 02:00,2025-04,Instagram,new smartphone,"Can't stop recommending new smartphone to my friends, it's brilliant. 👍",77,2,Positive,Positive
POST01346,2025-07-08 09:00,2025-07,YouTube,laptop brand,"Just started using laptop brand, will share my thoughts soon. 🤔",45,6,Neutral,Neutral
POST00176,2025-06-23 19:00,2025-06,Facebook,new movie release,"Not happy at all with new movie release, total waste of money. 😡",6,1,Negative,Negative
POST00866,2025-05-13 02:00,2025-05,Twitter,new movie release,Comparing new movie release with other options currently available. 🤔,3,2,Neutral,Neutral
POST01462,2025-05-04 09:00,2025-05,Facebook,new smartphone,"Not happy at all with new smartphone, total waste of money. 😡",25,3,Positive,Negative
POST01625,2025-01-10 19:00,2025-01,Instagram,streaming app,"Just tried the streaming app and I'm impressed, great experience overall. 🔥",6,2,Positive,Positive
POST00124,2025-09-22 06:00,2025-09,Twitter,fitness tracker,"Just tried the fitness tracker and I'm impressed, great experience overall. 🔥",2,0,Positive,Positive
POST00368,2025-02-01 22:00,2025-02,YouTube,fitness tracker,"Not sure yet what to think about fitness tracker, still testing it out. 🤔",25,10,Neutral,Neutral
POST01740,2025-04-03 19:00,2025-04,Twitter,food delivery app,"Not sure yet what to think about food delivery app, still testing it out. 🤔",3,0,Neutral,Neutral
POST00568,2025-07-08 05:00,2025-07,Instagram,e-commerce sale,"Terrible customer support for e-commerce sale, waited hours for a reply. 😡",4,2,Negative,Negative
POST00040,2025-12-04 13:00,2025-12,Twitter,airline service,"Super smooth experience with airline service today, very happy customer here. ❤️",55,6,Positive,Positive
POST01339,2025-05-01 03:00,2025-05,Instagram,customer support,"Feeling let down by customer support, it just doesn't work as promised. 😡",3,8,Negative,Negative
POST00989,2025-02-27 23:00,2025-02,Twitter,electric car,"Just started using electric car, will share my thoughts soon. 🤔",14,5,Neutral,Neutral
POST00332,2025-09-15 01:00,2025-09,YouTube,streaming app,"The streaming app keeps crashing, so frustrating to deal with. 😞",5,0,Negative,Negative
POST01801,2025-04-28 03:00,2025-04,Instagram,e-commerce sale,Loved the e-commerce sale at first but the recent update is buggy.,2,13,Negative,Negative
POST00195,2025-03-09 17:00,2025-03,Instagram,streaming app,"The streaming app broke down after just one week, very poor quality. 👎",4,4,Negative,Negative
POST01998,2025-03-23 16:00,2025-03,Twitter,new movie release,"Decent new movie release, does the job but support could be faster.",6,6,Neutral,Neutral
POST00479,2025-11-05 22:00,2025-11,Facebook,online banking app,"Huge shoutout to the team behind online banking app, amazing job! ❤️",0,2,Positive,Positive
POST01730,2025-06-04 22:00,2025-06,YouTube,customer support,"The customer service for customer support was fantastic, quick and helpful. 🔥",69,2,Positive,Positive
POST00323,2025-08-20 05:00,2025-08,Twitter,streaming app,"The streaming app update ruined everything, please fix this asap. 😡",4,3,Negative,Negative
POST01207,2025-08-21 14:00,2025-08,Twitter,electric car,"Not sure yet what to think about electric car, still testing it out.",2,4,Neutral,Neutral
POST00267,2025-05-25 12:00,2025-05,Facebook,laptop brand,"Not happy at all with laptop brand, total waste of money. 👎",30,4,Negative,Negative
POST01548,2025-07-01 13:00,2025-07,Facebook,cloud gaming service,"Great value for money with cloud gaming service, totally worth it.",48,1,Positive,Positive
POST01443,2025-08-13 14:00,2025-08,Twitter,electric car,"Just tried the electric car and I'm impressed, great experience overall. 😊",101,0,Positive,Positive
POST00068,2025-11-14 23:00,2025-11,YouTube,laptop brand,"Best laptop brand I've used so far, highly recommend it to everyone! 🔥",4,18,Positive,Positive
POST00963,2025-07-10 13:00,2025-07,Facebook,laptop brand,"Not happy at all with laptop brand, total waste of money. 👎",6,6,Negative,Negative
POST01145,2025-05-22 13:00,2025-05,YouTube,cloud gaming service,Here's a quick overview of the new cloud gaming service update.,7,4,Neutral,Neutral
POST01870,2025-01-02 04:00,2025-01,Twitter,online banking app,"Decent online banking app, does the job but support could be faster.",7,2,Neutral,Neutral
POST00818,2025-05-15 18:00,2025-05,Facebook,electric car,"Read an article about electric car today, fairly informative. 🤔",9,1,Negative,Neutral
POST01182,2025-08-26 20:00,2025-08,Instagram,laptop brand,"Huge shoutout to the team behind laptop brand, amazing job! 👍",49,1,Positive,Positive
POST00483,2025-08-25 22:00,2025-08,Twitter,cloud gaming service,Why is cloud gaming service so slow today? Getting really annoyed.,21,11,Negative,Negative
POST01424,2025-08-19 18:00,2025-08,Twitter,new movie release,"Saw an ad for new movie release today, might check it out later. 🤔",12,12,Negative,Neutral
POST00950,2025-01-23 04:00,2025-01,Twitter,fitness tracker,"Best fitness tracker I've used so far, highly recommend it to everyone! 😊",20,3,Positive,Positive
POST00833,2025-08-21 19:00,2025-08,Facebook,streaming app,"Feeling let down by streaming app, it just doesn't work as promised. 😡",24,15,Negative,Negative
POST01259,2025-12-22 03:00,2025-12,YouTube,online banking app,"The online banking app broke down after just one week, very poor quality. 😡",32,6,Negative,Negative
POST01199,2025-08-08 23:00,2025-08,Twitter,online banking app,Why is online banking app so slow today? Getting really annoyed. 😞,12,1,Negative,Negative
POST01743,2025-02-13 03:00,2025-02,Twitter,online banking app,"Extremely poor service from online banking app, never again. 👎",25,0,Negative,Negative
POST01924,2025-05-13 15:00,2025-05,YouTube,streaming app,"The streaming app is okay I guess, nothing special but works.",0,5,Neutral,Neutral
POST00693,2025-04-13 10:00,2025-04,Instagram,streaming app,"Can't stop recommending streaming app to my friends, it's brilliant.",15,33,Positive,Positive
POST01852,2025-03-09 07:00,2025-03,Twitter,cloud gaming service,"The cloud gaming service is okay I guess, nothing special but works.",2,2,Neutral,Neutral
POST01552,2025-07-08 00:00,2025-07,Facebook,laptop brand,"Read an article about laptop brand today, fairly informative. 🤔",5,0,Neutral,Neutral
POST00619,2025-03-22 23:00,2025-03,Instagram,laptop brand,Comparing laptop brand with other options currently available.,3,5,Neutral,Neutral
POST01545,2025-06-23 20:00,2025-06,Twitter,e-commerce sale,"Just started using e-commerce sale, will share my thoughts soon.",23,0,Neutral,Neutral
POST01594,2025-04-18 14:00,2025-04,YouTube,customer support,"Great value for money with customer support, totally worth it.",1,1,Positive,Positive
POST01674,2025-01-07 03:00,2025-01,Instagram,e-commerce sale,"The e-commerce sale was launched today, here are the specifications.",13,2,Neutral,Neutral
POST01933,2025-06-28 14:00,2025-06,Twitter,new movie release,"Mixed feelings about new movie release, some parts great some not.",9,6,Neutral,Neutral
POST00737,2025-12-01 00:00,2025-12,YouTube,airline service,"Just tried the airline service and I'm impressed, great experience overall. ❤️",60,11,Positive,Positive
POST00539,2025-12-25 07:00,2025-12,Facebook,customer support,"Can't stop recommending customer support to my friends, it's brilliant. 😊",27,41,Positive,Positive
POST00856,2025-12-12 01:00,2025-12,Instagram,e-commerce sale,"Super smooth experience with e-commerce sale today, very happy customer here. 🔥",6,2,Positive,Positive
POST01331,2025-06-13 02:00,2025-06,YouTube,customer support,"Huge shoutout to the team behind customer support, amazing job! ❤️",5,11,Positive,Positive
POST00924,2025-04-22 10:00,2025-04,YouTube,new smartphone,"Not happy at all with new smartphone, total waste of money. 👎",0,1,Negative,Negative
POST00262,2025-11-11 19:00,2025-11,Twitter,airline service,"Really impressed by how well airline service performs, well done! ❤️",5,19,Positive,Positive
POST01291,2025-09-25 21:00,2025-09,YouTube,customer support,"Just tried the customer support and I'm impressed, great experience overall. 😊",5,1,Positive,Positive
POST00980,2025-09-01 18:00,2025-09,Twitter,laptop brand,"Really disappointed with laptop brand, expected way better.",36,0,Negative,Negative
POST00241,2025-09-20 03:00,2025-09,Instagram,online banking app,Here's a quick overview of the new online banking app update.,2,0,Neutral,Neutral
POST01223,2025-08-31 11:00,2025-08,Instagram,customer support,Comparing customer support with other options currently available.,2,0,Neutral,Neutral
POST01074,2025-11-24 06:00,2025-11,Facebook,new smartphone,Here's a quick overview of the new new smartphone update. 🤔,8,0,Neutral,Neutral
POST01956,2025-11-04 12:00,2025-11,Instagram,customer support,Loved the customer support at first but the recent update is buggy.,1,13,Negative,Negative
POST01620,2025-08-25 00:00,2025-08,Twitter,fitness tracker,"The fitness tracker was launched today, here are the specifications.",29,8,Neutral,Neutral
POST01270,2025-06-09 22:00,2025-06,Facebook,new movie release,"Super smooth experience with new movie release today, very happy customer here. 🔥",1,0,Positive,Positive
POST00366,2025-04-08 00:00,2025-04,Twitter,e-commerce sale,"Great value for money with e-commerce sale, totally worth it. 👍",6,1,Positive,Positive
POST01861,2025-08-07 12:00,2025-08,Instagram,new smartphone,Loved the new smartphone at first but the recent update is buggy.,17,3,Negative,Negative
POST01828,2025-01-02 05:00,2025-01,Instagram,food delivery app,"Decent food delivery app, does the job but support could be faster.",12,0,Neutral,Neutral
POST01786,2025-07-22 11:00,2025-07,YouTube,food delivery app,"Terrible customer support for food delivery app, waited hours for a reply. 👎",2,15,Negative,Negative
POST00744,2025-07-29 03:00,2025-07,Instagram,new movie release,"The new movie release exceeded my expectations, five stars from me.",33,0,Positive,Positive
POST00953,2025-04-24 19:00,2025-04,Facebook,new smartphone,"Just tried the new smartphone and I'm impressed, great experience overall. 😊",0,0,Positive,Positive
POST00585,2025-05-02 09:00,2025-05,Instagram,customer support,"The customer support exceeded my expectations, five stars from me. 👍",6,29,Positive,Positive
POST00072,2025-04-25 00:00,2025-04,Instagram,online banking app,"Huge shoutout to the team behind online banking app, amazing job! ❤️",31,2,Positive,Positive
POST01960,2025-06-30 11:00,2025-06,YouTube,customer support,"Mixed feelings about customer support, some parts great some not.",0,0,Neutral,Neutral
POST00260,2025-06-30 16:00,2025-06,Twitter,e-commerce sale,"The e-commerce sale was launched today, here are the specifications.",15,4,Neutral,Neutral
POST00052,2025-10-24 19:00,2025-10,Instagram,e-commerce sale,"Really disappointed with e-commerce sale, expected way better. 😡",50,1,Negative,Negative
POST00199,2025-12-11 23:00,2025-12,Facebook,new movie release,The new movie release has some new features this month.,7,4,Neutral,Neutral
POST00496,2025-01-23 22:00,2025-01,Facebook,airline service,"Just tried the airline service and I'm impressed, great experience overall. 😊",12,9,Positive,Positive
POST01477,2025-10-20 09:00,2025-10,Facebook,airline service,"Absolutely loving the airline service, works flawlessly! #happy",39,9,Positive,Positive
POST00333,2025-03-24 10:00,2025-03,Instagram,online banking app,"Saw an ad for online banking app today, might check it out later.",1,12,Neutral,Neutral
POST01927,2025-08-14 11:00,2025-08,Instagram,e-commerce sale,"Mixed feelings about e-commerce sale, some parts great some not.",2,1,Neutral,Neutral
POST01722,2025-12-25 17:00,2025-12,Instagram,electric car,"Not happy at all with electric car, total waste of money. 😡",1,16,Negative,Negative
POST01162,2025-09-08 12:00,2025-09,Instagram,new smartphone,"The new smartphone was launched today, here are the specifications.",10,3,Neutral,Neutral
POST00480,2025-07-23 10:00,2025-07,Instagram,laptop brand,"Terrible customer support for laptop brand, waited hours for a reply.",2,4,Negative,Negative
POST00965,2025-07-04 14:00,2025-07,Facebook,fitness tracker,The fitness tracker is scheduled for release next week.,12,0,Neutral,Neutral
POST00910,2025-06-27 15:00,2025-06,Facebook,fitness tracker,"Really impressed by how well fitness tracker performs, well done! 🔥",7,5,Positive,Positive
POST01348,2025-06-08 20:00,2025-06,YouTube,fitness tracker,"Super smooth experience with fitness tracker today, very happy customer here. 😊",15,7,Positive,Positive
POST00707,2025-07-12 20:00,2025-07,Twitter,laptop brand,"The laptop brand exceeded my expectations, five stars from me.",53,13,Positive,Positive
POST00427,2025-07-18 07:00,2025-07,Instagram,fitness tracker,"The fitness tracker exceeded my expectations, five stars from me. 🔥",17,7,Neutral,Positive
POST01526,2025-02-03 18:00,2025-02,Instagram,cloud gaming service,"Best cloud gaming service I've used so far, highly recommend it to everyone! 😊",13,1,Positive,Positive
POST00451,2025-02-17 12:00,2025-02,Twitter,cloud gaming service,Comparing cloud gaming service with other options currently available.,10,2,Neutral,Neutral
POST01627,2025-12-13 08:00,2025-12,Twitter,airline service,"Best airline service I've used so far, highly recommend it to everyone! ❤️",43,1,Positive,Positive
POST01517,2025-07-21 17:00,2025-07,YouTube,fitness tracker,"The fitness tracker keeps crashing, so frustrating to deal with. 😡",19,10,Negative,Negative
POST01997,2025-03-02 10:00,2025-03,Twitter,cloud gaming service,"The cloud gaming service is fine, price is a bit high though.",33,9,Neutral,Neutral
POST01288,2025-08-22 19:00,2025-08,Facebook,customer support,"Terrible customer support for customer support, waited hours for a reply.",5,1,Negative,Negative
POST01739,2025-09-23 18:00,2025-09,Twitter,new movie release,"Really impressed by how well new movie release performs, well done! 😊",23,4,Positive,Positive
POST00399,2025-08-01 22:00,2025-08,Facebook,electric car,"Really impressed by how well electric car performs, well done! ❤️",51,29,Positive,Positive
POST00974,2025-02-10 01:00,2025-02,YouTube,electric car,"Super smooth experience with electric car today, very happy customer here. 👍",9,9,Positive,Positive
POST00437,2025-10-11 18:00,2025-10,Facebook,new smartphone,"The customer service for new smartphone was fantastic, quick and helpful. ❤️",42,0,Positive,Positive
POST00193,2025-06-08 14:00,2025-06,Twitter,cloud gaming service,"Absolutely loving the cloud gaming service, works flawlessly! #happy",65,5,Positive,Positive
POST01448,2025-01-04 07:00,2025-01,YouTube,new movie release,"Great value for money with new movie release, totally worth it. 👍",42,14,Positive,Positive
POST00620,2025-03-31 22:00,2025-03,Facebook,cloud gaming service,"Extremely poor service from cloud gaming service, never again. 👎",22,5,Negative,Negative
POST00293,2025-05-03 13:00,2025-05,Twitter,airline service,"Feeling let down by airline service, it just doesn't work as promised.",12,0,Negative,Negative
POST01942,2025-12-17 13:00,2025-12,Twitter,food delivery app,"The food delivery app is okay I guess, nothing special but works.",24,0,Neutral,Neutral
POST01775,2025-03-28 21:00,2025-03,YouTube,e-commerce sale,"Extremely poor service from e-commerce sale, never again. 😞",80,0,Negative,Negative
POST01290,2025-04-02 00:00,2025-04,Facebook,new movie release,"The new movie release update ruined everything, please fix this asap. 😡",12,0,Negative,Negative
POST01779,2025-09-05 09:00,2025-09,Facebook,online banking app,The online banking app has some new features this month. 🤔,34,1,Neutral,Neutral
POST01655,2025-03-30 18:00,2025-03,Twitter,streaming app,"Really impressed by how well streaming app performs, well done! 🔥",34,5,Positive,Positive
POST00142,2025-05-16 21:00,2025-05,Instagram,food delivery app,"The food delivery app keeps crashing, so frustrating to deal with. 😞",0,3,Negative,Negative
POST01492,2025-02-13 17:00,2025-02,YouTube,electric car,"The customer service for electric car was fantastic, quick and helpful. 👍",27,5,Positive,Positive
POST00003,2025-01-17 00:00,2025-01,YouTube,e-commerce sale,"Just tried the e-commerce sale and I'm impressed, great experience overall. 🔥",50,7,Neutral,Positive
POST01681,2025-08-09 05:00,2025-08,Facebook,cloud gaming service,"Not sure yet what to think about cloud gaming service, still testing it out.",10,0,Neutral,Neutral
POST01890,2025-09-28 22:00,2025-09,Instagram,electric car,"Mixed feelings about electric car, some parts great some not.",24,2,Neutral,Neutral
POST01320,2025-09-12 20:00,2025-09,Instagram,customer support,"The customer support keeps crashing, so frustrating to deal with. 😞",0,0,Negative,Negative
POST00340,2025-06-02 14:00,2025-06,YouTube,cloud gaming service,"The cloud gaming service keeps crashing, so frustrating to deal with. 😡",29,0,Neutral,Negative
POST00638,2025-05-31 21:00,2025-05,Twitter,customer support,"Attended a webinar about customer support, learned a few things.",67,1,Neutral,Neutral
POST01284,2025-08-06 06:00,2025-08,YouTube,laptop brand,"Really impressed by how well laptop brand performs, well done! 🔥",13,0,Positive,Positive
POST00582,2025-04-29 16:00,2025-04,Twitter,airline service,"Can't stop recommending airline service to my friends, it's brilliant. 👍",13,5,Positive,Positive
POST00266,2025-08-13 16:00,2025-08,YouTube,food delivery app,"Read an article about food delivery app today, fairly informative. 🤔",32,3,Neutral,Neutral
POST00377,2025-10-03 08:00,2025-10,Instagram,food delivery app,"Really impressed by how well food delivery app performs, well done! 👍",7,10,Positive,Positive
POST00695,2025-11-20 05:00,2025-11,Facebook,new movie release,"The new movie release broke down after just one week, very poor quality. 😡",28,3,Negative,Negative
POST01179,2025-11-02 05:00,2025-11,Twitter,streaming app,"Great value for money with streaming app, totally worth it.",3,2,Positive,Positive
POST00440,2025-08-24 05:00,2025-08,YouTube,new movie release,Here's a quick overview of the new new movie release update. 🤔,1,0,Neutral,Neutral
POST00272,2025-06-08 17:00,2025-06,Twitter,e-commerce sale,Comparing e-commerce sale with other options currently available.,24,2,Neutral,Neutral
POST00185,2025-08-27 09:00,2025-08,Twitter,online banking app,"Extremely poor service from online banking app, never again. 😞",9,8,Negative,Negative
POST00951,2025-09-06 06:00,2025-09,Twitter,food delivery app,"The food delivery app keeps crashing, so frustrating to deal with. 😡",3,0,Negative,Negative
POST00245,2025-06-17 03:00,2025-06,Facebook,online banking app,"Really disappointed with online banking app, expected way better.",8,1,Negative,Negative
POST01660,2025-08-05 16:00,2025-08,YouTube,new movie release,"The customer service for new movie release was fantastic, quick and helpful. ❤️",0,0,Positive,Positive
POST00527,2025-12-31 10:00,2025-12,Instagram,food delivery app,Why is food delivery app so slow today? Getting really annoyed.,9,1,Negative,Negative
POST00446,2025-01-09 16:00,2025-01,Twitter,customer support,"Terrible customer support for customer support, waited hours for a reply. 👎",2,4,Negative,Negative
POST00917,2025-05-15 02:00,2025-05,Instagram,customer support,Comparing customer support with other options currently available. 🤔,12,1,Neutral,Neutral
POST01341,2025-10-27 23:00,2025-10,Facebook,laptop brand,"Not happy at all with laptop brand, total waste of money. 😞",3,4,Negative,Negative
POST00597,2025-04-12 20:00,2025-04,Twitter,new smartphone,"Great value for money with new smartphone, totally worth it. 🔥",18,1,Positive,Positive
POST00922,2025-02-22 09:00,2025-02,Instagram,new smartphone,"Terrible customer support for new smartphone, waited hours for a reply. 😞",1,12,Negative,Negative
POST01537,2025-02-25 15:00,2025-02,Instagram,online banking app,"Saw an ad for online banking app today, might check it out later.",5,1,Neutral,Neutral
POST01971,2025-11-27 22:00,2025-11,YouTube,new movie release,"Decent new movie release, does the job but support could be faster.",22,3,Neutral,Neutral
POST00416,2025-11-11 00:00,2025-11,YouTube,new smartphone,Why is new smartphone so slow today? Getting really annoyed. 😞,1,0,Positive,Negative
POST00274,2025-06-08 05:00,2025-06,Facebook,new smartphone,"Huge shoutout to the team behind new smartphone, amazing job! 👍",40,0,Positive,Positive
POST01308,2025-09-17 01:00,2025-09,Instagram,new movie release,"Not happy at all with new movie release, total waste of money. 👎",18,1,Negative,Negative
POST01977,2025-04-09 19:00,2025-04,YouTube,food delivery app,"Mixed feelings about food delivery app, some parts great some not.",1,6,Neutral,Neutral
POST01468,2025-07-04 14:00,2025-07,Instagram,laptop brand,"The laptop brand keeps crashing, so frustrating to deal with. 😞",3,1,Negative,Negative
POST00251,2025-02-15 13:00,2025-02,Facebook,electric car,"Just tried the electric car and I'm impressed, great experience overall. 🔥",70,7,Positive,Positive
POST00414,2025-09-30 12:00,2025-09,YouTube,new movie release,"Huge shoutout to the team behind new movie release, amazing job! 🔥",50,11,Positive,Positive
POST01209,2025-09-29 01:00,2025-09,Facebook,customer support,"The customer support exceeded my expectations, five stars from me. ❤️",7,0,Negative,Positive
POST01319,2025-03-27 19:00,2025-03,Facebook,new movie release,"The new movie release exceeded my expectations, five stars from me. 👍",50,20,Positive,Positive
POST00594,2025-02-22 04:00,2025-02,YouTube,airline service,"The airline service was launched today, here are the specifications. 🤔",0,9,Neutral,Neutral
POST00311,2025-12-05 09:00,2025-12,Facebook,airline service,"The airline service exceeded my expectations, five stars from me. ❤️",45,33,Positive,Positive
POST01943,2025-02-12 04:00,2025-02,Instagram,online banking app,"Decent online banking app, does the job but support could be faster.",1,5,Neutral,Neutral
POST00382,2025-09-02 20:00,2025-09,YouTube,cloud gaming service,Why is cloud gaming service so slow today? Getting really annoyed. 👎,3,8,Negative,Negative
POST01622,2025-02-28 22:00,2025-02,Facebook,new smartphone,"Best new smartphone I've used so far, highly recommend it to everyone! 👍",9,8,Negative,Positive
POST00426,2025-10-15 13:00,2025-10,Twitter,new movie release,"Can't stop recommending new movie release to my friends, it's brilliant.",6,34,Positive,Positive
POST01895,2025-10-20 16:00,2025-10,Facebook,electric car,"The electric car is fine, price is a bit high though.",26,4,Neutral,Neutral
POST00536,2025-08-08 06:00,2025-08,Twitter,new movie release,"Worst experience ever with new movie release, would not recommend. 👎",0,6,Negative,Negative
POST00760,2025-04-15 17:00,2025-04,Facebook,new smartphone,"Really disappointed with new smartphone, expected way better. 👎",12,0,Negative,Negative
POST01510,2025-01-24 05:00,2025-01,Facebook,e-commerce sale,"Read an article about e-commerce sale today, fairly informative. 🤔",10,0,Neutral,Neutral
POST01886,2025-12-06 18:00,2025-12,Twitter,new smartphone,"Decent new smartphone, does the job but support could be faster.",37,0,Neutral,Neutral
POST00409,2025-08-30 01:00,2025-08,Twitter,new smartphone,"Terrible customer support for new smartphone, waited hours for a reply.",12,2,Negative,Negative
POST01629,2025-11-22 16:00,2025-11,Twitter,new movie release,"Just tried the new movie release and I'm impressed, great experience overall. ❤️",53,3,Positive,Positive
POST01829,2025-09-20 14:00,2025-09,Twitter,food delivery app,"The food delivery app is fine, price is a bit high though.",4,1,Neutral,Neutral
POST01788,2025-03-24 04:00,2025-03,YouTube,cloud gaming service,"Super smooth experience with cloud gaming service today, very happy customer here. ❤️",19,9,Positive,Positive
POST00553,2025-07-04 10:00,2025-07,Twitter,airline service,"Worst experience ever with airline service, would not recommend.",4,2,Negative,Negative
POST01014,2025-11-02 07:00,2025-11,Instagram,e-commerce sale,Why is e-commerce sale so slow today? Getting really annoyed. 😡,2,14,Negative,Negative
POST01747,2025-12-19 03:00,2025-12,Instagram,e-commerce sale,"Absolutely loving the e-commerce sale, works flawlessly! #happy 🔥",11,30,Positive,Positive
POST01489,2025-04-09 19:00,2025-04,Twitter,cloud gaming service,"Extremely poor service from cloud gaming service, never again. 😡",6,0,Negative,Negative
POST00652,2025-02-04 02:00,2025-02,Facebook,online banking app,Comparing online banking app with other options currently available.,76,10,Positive,Neutral
POST00183,2025-11-09 12:00,2025-11,Twitter,streaming app,"The customer service for streaming app was fantastic, quick and helpful. 🔥",27,5,Positive,Positive
POST00171,2025-04-30 13:00,2025-04,YouTube,e-commerce sale,"Really disappointed with e-commerce sale, expected way better. 👎",6,10,Negative,Negative
POST01573,2025-08-29 21:00,2025-08,Twitter,food delivery app,"Feeling let down by food delivery app, it just doesn't work as promised. 😡",65,2,Negative,Negative
POST00592,2025-12-13 09:00,2025-12,Twitter,customer support,The customer support has some new features this month. 🤔,18,1,Neutral,Neutral
POST01897,2025-03-06 23:00,2025-03,YouTube,airline service,"Decent airline service, does the job but support could be faster.",0,14,Neutral,Neutral
POST01667,2025-07-16 15:00,2025-07,Facebook,electric car,The electric car has some new features this month. 🤔,10,2,Neutral,Neutral
POST00860,2025-06-27 08:00,2025-06,Facebook,e-commerce sale,Why is e-commerce sale so slow today? Getting really annoyed. 😞,5,4,Negative,Negative
POST00273,2025-11-27 21:00,2025-11,Twitter,streaming app,"Not happy at all with streaming app, total waste of money. 👎",6,0,Negative,Negative
POST01564,2025-06-23 17:00,2025-06,Instagram,online banking app,"Saw an ad for online banking app today, might check it out later. 🤔",5,1,Neutral,Neutral
POST01246,2025-06-29 09:00,2025-06,Facebook,online banking app,"The online banking app update ruined everything, please fix this asap. 😡",13,5,Negative,Negative
POST01324,2025-02-09 20:00,2025-02,Facebook,food delivery app,"The food delivery app exceeded my expectations, five stars from me.",91,6,Positive,Positive
POST00372,2025-04-26 09:00,2025-04,Facebook,online banking app,"Terrible customer support for online banking app, waited hours for a reply. 😞",10,3,Negative,Negative
POST00223,2025-08-09 14:00,2025-08,Instagram,electric car,"Huge shoutout to the team behind electric car, amazing job! ❤️",4,1,Positive,Positive
POST00728,2025-02-27 13:00,2025-02,YouTube,new movie release,"Great value for money with new movie release, totally worth it. 😊",0,2,Positive,Positive
POST01948,2025-12-23 13:00,2025-12,Instagram,new movie release,"Mixed feelings about new movie release, some parts great some not.",14,1,Neutral,Neutral
POST00786,2025-08-10 10:00,2025-08,YouTube,cloud gaming service,"Absolutely loving the cloud gaming service, works flawlessly! #happy ❤️",58,0,Positive,Positive
POST00519,2025-08-14 17:00,2025-08,Twitter,fitness tracker,"Huge shoutout to the team behind fitness tracker, amazing job! ❤️",5,7,Positive,Positive
POST00335,2025-11-11 17:00,2025-11,Facebook,streaming app,"The streaming app was launched today, here are the specifications. 🤔",15,6,Neutral,Neutral
POST00702,2025-03-27 02:00,2025-03,Facebook,fitness tracker,"Really disappointed with fitness tracker, expected way better. 👎",18,1,Negative,Negative
POST01177,2025-12-21 04:00,2025-12,YouTube,customer support,"Saw an ad for customer support today, might check it out later. 🤔",6,1,Neutral,Neutral
POST01593,2025-06-24 02:00,2025-06,YouTube,electric car,"Super smooth experience with electric car today, very happy customer here. 🔥",9,2,Positive,Positive
POST00906,2025-03-09 16:00,2025-03,Instagram,cloud gaming service,"Best cloud gaming service I've used so far, highly recommend it to everyone! 😊",25,29,Positive,Positive
POST00016,2025-01-29 07:00,2025-01,Facebook,cloud gaming service,"Really disappointed with cloud gaming service, expected way better. 👎",4,2,Negative,Negative
POST01774,2025-05-06 23:00,2025-05,Facebook,electric car,"Extremely poor service from electric car, never again. 😡",3,1,Negative,Negative
POST00850,2025-11-22 00:00,2025-11,YouTube,streaming app,"The streaming app keeps crashing, so frustrating to deal with. 😞",6,0,Negative,Negative
POST01554,2025-04-13 20:00,2025-04,Instagram,laptop brand,"Saw an ad for laptop brand today, might check it out later. 🤔",8,3,Neutral,Neutral
POST01702,2025-05-05 06:00,2025-05,Instagram,cloud gaming service,"Best cloud gaming service I've used so far, highly recommend it to everyone! 😊",9,0,Positive,Positive
POST00611,2025-12-24 11:00,2025-12,Facebook,e-commerce sale,"Attended a webinar about e-commerce sale, learned a few things. 🤔",11,3,Neutral,Neutral
POST01651,2025-06-25 07:00,2025-06,Facebook,food delivery app,"Huge shoutout to the team behind food delivery app, amazing job!",1,4,Positive,Positive
POST00466,2025-07-19 10:00,2025-07,Instagram,electric car,Here's a quick overview of the new electric car update. 🤔,6,1,Neutral,Neutral
POST00778,2025-09-21 16:00,2025-09,Facebook,fitness tracker,"Great value for money with fitness tracker, totally worth it. ❤️",23,9,Positive,Positive
POST00200,2025-02-25 21:00,2025-02,Facebook,cloud gaming service,"Huge shoutout to the team behind cloud gaming service, amazing job! ❤️",5,0,Positive,Positive
POST01217,2025-07-10 11:00,2025-07,Twitter,new smartphone,"The new smartphone update ruined everything, please fix this asap.",92,5,Negative,Negative
POST01064,2025-10-20 19:00,2025-10,Instagram,cloud gaming service,Comparing cloud gaming service with other options currently available. 🤔,4,9,Neutral,Neutral
POST01781,2025-01-30 11:00,2025-01,YouTube,new movie release,"Just started using new movie release, will share my thoughts soon.",35,0,Neutral,Neutral
POST01568,2025-09-27 19:00,2025-09,Instagram,cloud gaming service,"Can't stop recommending cloud gaming service to my friends, it's brilliant. 😊",27,7,Positive,Positive
POST01983,2025-02-17 00:00,2025-02,Twitter,food delivery app,"Decent food delivery app, does the job but support could be faster.",20,5,Neutral,Neutral
POST00734,2025-01-26 16:00,2025-01,Facebook,laptop brand,"Huge shoutout to the team behind laptop brand, amazing job!",94,0,Positive,Positive
POST01413,2025-12-10 14:00,2025-12,YouTube,laptop brand,"The customer service for laptop brand was fantastic, quick and helpful. 👍",36,9,Positive,Positive
POST01426,2025-08-01 15:00,2025-08,YouTube,cloud gaming service,"Feeling let down by cloud gaming service, it just doesn't work as promised. 👎",6,1,Negative,Negative
POST00675,2025-12-31 22:00,2025-12,Facebook,e-commerce sale,The e-commerce sale has some new features this month.,0,2,Neutral,Neutral
POST00937,2025-11-17 01:00,2025-11,Facebook,cloud gaming service,"Really disappointed with cloud gaming service, expected way better. 👎",15,1,Negative,Negative
POST00044,2025-02-08 14:00,2025-02,Instagram,new movie release,"Extremely poor service from new movie release, never again. 😡",6,1,Negative,Negative
POST00275,2025-04-26 04:00,2025-04,Instagram,new movie release,"Best new movie release I've used so far, highly recommend it to everyone! 😊",12,6,Positive,Positive
POST01107,2025-10-07 06:00,2025-10,YouTube,customer support,"Not sure yet what to think about customer support, still testing it out.",17,3,Neutral,Neutral
POST00102,2025-09-07 07:00,2025-09,Instagram,e-commerce sale,"Terrible customer support for e-commerce sale, waited hours for a reply.",15,14,Negative,Negative
POST01614,2025-08-01 07:00,2025-08,Instagram,e-commerce sale,"Best e-commerce sale I've used so far, highly recommend it to everyone!",77,24,Positive,Positive
POST01342,2025-03-15 03:00,2025-03,Instagram,customer support,"Not sure yet what to think about customer support, still testing it out. 🤔",13,6,Neutral,Neutral
POST01266,2025-03-12 16:00,2025-03,Twitter,streaming app,"Terrible customer support for streaming app, waited hours for a reply. 👎",9,0,Negative,Negative
POST00108,2025-02-11 15:00,2025-02,Facebook,customer support,"Really disappointed with customer support, expected way better. 😡",12,1,Negative,Negative
POST00694,2025-06-11 22:00,2025-06,Instagram,new movie release,"Not sure yet what to think about new movie release, still testing it out. 🤔",0,0,Neutral,Neutral
POST00498,2025-06-19 17:00,2025-06,Instagram,streaming app,"Can't stop recommending streaming app to my friends, it's brilliant. ❤️",6,0,Positive,Positive
POST02001,2025-06-17 04:00,2025-06,Twitter,food delivery app,"The food delivery app is okay I guess, nothing special but works.",3,0,Neutral,Neutral
POST01834,2025-04-18 17:00,2025-04,Instagram,new smartphone,"Decent new smartphone, does the job but support could be faster.",15,7,Neutral,Neutral
POST01336,2025-01-15 08:00,2025-01,Instagram,online banking app,"The online banking app exceeded my expectations, five stars from me.",11,4,Positive,Positive
POST01882,2025-03-13 09:00,2025-03,Facebook,laptop brand,"The laptop brand is okay I guess, nothing special but works.",3,1,Neutral,Neutral
POST01117,2025-08-27 16:00,2025-08,Facebook,streaming app,"Just tried the streaming app and I'm impressed, great experience overall.",6,1,Positive,Positive
POST01461,2025-09-24 10:00,2025-09,Facebook,airline service,"Best airline service I've used so far, highly recommend it to everyone! 😊",1,6,Positive,Positive
POST00621,2025-07-13 09:00,2025-07,Instagram,food delivery app,The food delivery app has some new features this month. 🤔,12,0,Neutral,Neutral
POST01772,2025-09-21 21:00,2025-09,YouTube,new movie release,"Read an article about new movie release today, fairly informative. 🤔",8,2,Neutral,Neutral
POST00073,2025-02-05 08:00,2025-02,Facebook,laptop brand,"Super smooth experience with laptop brand today, very happy customer here.",34,8,Positive,Positive
POST01512,2025-08-10 06:00,2025-08,Facebook,electric car,"The customer service for electric car was fantastic, quick and helpful.",20,7,Positive,Positive
POST01236,2025-08-31 09:00,2025-08,Facebook,laptop brand,"Attended a webinar about laptop brand, learned a few things. 🤔",16,1,Neutral,Neutral
POST01178,2025-09-25 14:00,2025-09,Facebook,cloud gaming service,Comparing cloud gaming service with other options currently available. 🤔,4,1,Neutral,Neutral
POST00905,2025-05-07 23:00,2025-05,Instagram,online banking app,"The online banking app exceeded my expectations, five stars from me. ❤️",11,0,Positive,Positive
POST00482,2025-10-16 06:00,2025-10,Twitter,laptop brand,"Feeling let down by laptop brand, it just doesn't work as promised. 😞",24,0,Negative,Negative
POST01515,2025-12-21 04:00,2025-12,Twitter,laptop brand,"Absolutely loving the laptop brand, works flawlessly! #happy",8,4,Positive,Positive
POST00507,2025-12-11 04:00,2025-12,Twitter,e-commerce sale,"Super smooth experience with e-commerce sale today, very happy customer here. 😊",65,0,Positive,Positive
POST01112,2025-11-16 05:00,2025-11,YouTube,electric car,"Great value for money with electric car, totally worth it.",55,11,Positive,Positive
POST01643,2025-11-22 22:00,2025-11,Instagram,laptop brand,"The laptop brand broke down after just one week, very poor quality.",3,5,Negative,Negative
POST02010,2025-07-11 20:00,2025-07,Facebook,food delivery app,"Mixed feelings about food delivery app, some parts great some not.",26,2,Neutral,Neutral
POST01197,2025-10-23 17:00,2025-10,Instagram,cloud gaming service,"Huge shoutout to the team behind cloud gaming service, amazing job! 😊",5,24,Positive,Positive
POST01252,2025-07-15 09:00,2025-07,Instagram,food delivery app,"Extremely poor service from food delivery app, never again.",3,0,Negative,Negative
POST01840,2025-12-19 12:00,2025-12,Twitter,fitness tracker,"The fitness tracker is okay I guess, nothing special but works.",14,1,Neutral,Neutral
POST00312,2025-03-27 22:00,2025-03,YouTube,e-commerce sale,"The e-commerce sale update ruined everything, please fix this asap. 👎",2,1,Negative,Negative
POST00837,2025-11-05 17:00,2025-11,Instagram,new movie release,"Just started using new movie release, will share my thoughts soon.",26,0,Neutral,Neutral
POST00406,2025-10-14 14:00,2025-10,Twitter,e-commerce sale,"The e-commerce sale exceeded my expectations, five stars from me. 😊",2,9,Positive,Positive
POST00705,2025-01-10 07:00,2025-01,YouTube,streaming app,"Huge shoutout to the team behind streaming app, amazing job! 🔥",56,8,Positive,Positive
POST01742,2025-12-01 05:00,2025-12,Instagram,e-commerce sale,"Just tried the e-commerce sale and I'm impressed, great experience overall.",12,0,Neutral,Positive
POST00310,2025-10-07 09:00,2025-10,Instagram,customer support,"The customer support broke down after just one week, very poor quality. 😡",12,1,Negative,Negative
POST00227,2025-07-10 04:00,2025-07,Twitter,customer support,"Read an article about customer support today, fairly informative. 🤔",24,6,Neutral,Neutral
POST01832,2025-10-01 07:00,2025-10,Twitter,food delivery app,Loved the food delivery app at first but the recent update is buggy.,0,1,Negative,Negative
POST01835,2025-11-20 19:00,2025-11,Facebook,new smartphone,"The new smartphone is okay I guess, nothing special but works.",18,1,Neutral,Neutral
POST01543,2025-07-25 03:00,2025-07,YouTube,online banking app,"The customer service for online banking app was fantastic, quick and helpful. ❤️",17,8,Positive,Positive
POST00835,2025-03-18 19:00,2025-03,YouTube,food delivery app,"The food delivery app keeps crashing, so frustrating to deal with. 😞",37,0,Negative,Negative
POST01605,2025-07-08 16:00,2025-07,Twitter,new movie release,"Absolutely loving the new movie release, works flawlessly! #happy 🔥",17,11,Positive,Positive
POST00149,2025-08-28 22:00,2025-08,Twitter,new movie release,The new movie release has some new features this month.,35,17,Neutral,Neutral
POST00631,2025-06-13 08:00,2025-06,Twitter,online banking app,"Just tried the online banking app and I'm impressed, great experience overall. 😊",12,12,Positive,Positive
POST00721,2025-02-18 01:00,2025-02,Twitter,electric car,"Really disappointed with electric car, expected way better. 😞",11,1,Negative,Negative
POST01958,2025-07-06 00:00,2025-07,Facebook,new smartphone,"The new smartphone is fine, price is a bit high though.",11,1,Neutral,Neutral
POST01396,2025-10-08 19:00,2025-10,Twitter,new smartphone,"Not happy at all with new smartphone, total waste of money. 😡",1,3,Positive,Negative
POST00846,2025-04-02 11:00,2025-04,YouTube,fitness tracker,"Read an article about fitness tracker today, fairly informative.",16,0,Neutral,Neutral
POST00576,2025-05-30 18:00,2025-05,Instagram,laptop brand,"The laptop brand exceeded my expectations, five stars from me.",17,45,Positive,Positive
POST00558,2025-05-23 02:00,2025-05,Instagram,cloud gaming service,The cloud gaming service has some new features this month. 🤔,24,6,Neutral,Neutral
POST01473,2025-03-25 04:00,2025-03,YouTube,electric car,"Extremely poor service from electric car, never again. 😞",0,1,Negative,Negative
POST01166,2025-09-08 20:00,2025-09,Instagram,electric car,"Absolutely loving the electric car, works flawlessly! #happy ❤️",49,17,Positive,Positive
POST01359,2025-12-18 18:00,2025-12,Instagram,online banking app,"The online banking app broke down after just one week, very poor quality. 👎",10,2,Negative,Negative
POST01704,2025-05-12 21:00,2025-05,Instagram,online banking app,The online banking app is scheduled for release next week. 🤔,42,8,Neutral,Neutral
POST00629,2025-10-07 12:00,2025-10,Facebook,customer support,"Just tried the customer support and I'm impressed, great experience overall. ❤️",15,0,Positive,Positive
POST00969,2025-08-24 11:00,2025-08,Twitter,airline service,"Worst experience ever with airline service, would not recommend. 😞",0,14,Negative,Negative
POST00287,2025-01-28 12:00,2025-01,YouTube,new smartphone,"Extremely poor service from new smartphone, never again. 👎",0,5,Negative,Negative
POST01619,2025-08-19 05:00,2025-08,YouTube,laptop brand,"Terrible customer support for laptop brand, waited hours for a reply. 😞",2,0,Negative,Negative
POST00746,2025-02-25 13:00,2025-02,Facebook,food delivery app,"Really disappointed with food delivery app, expected way better. 😡",26,0,Negative,Negative
POST00599,2025-07-22 15:00,2025-07,YouTube,streaming app,"Absolutely loving the streaming app, works flawlessly! #happy ❤️",2,10,Positive,Positive
POST00943,2025-10-06 11:00,2025-10,Instagram,e-commerce sale,Here's a quick overview of the new e-commerce sale update.,1,2,Neutral,Neutral
POST00808,2025-02-08 00:00,2025-02,Twitter,online banking app,"Really impressed by how well online banking app performs, well done! 😊",35,4,Positive,Positive
POST01652,2025-12-18 22:00,2025-12,Instagram,new smartphone,Why is new smartphone so slow today? Getting really annoyed.,7,5,Negative,Negative
POST01602,2025-01-17 22:00,2025-01,Instagram,airline service,"The customer service for airline service was fantastic, quick and helpful. ❤️",43,6,Positive,Positive
POST01714,2025-06-01 07:00,2025-06,Instagram,laptop brand,The laptop brand is scheduled for release next week.,10,0,Neutral,Neutral
POST01241,2025-05-23 06:00,2025-05,Instagram,fitness tracker,"Absolutely loving the fitness tracker, works flawlessly! #happy 😊",44,21,Positive,Positive
POST01609,2025-10-28 06:00,2025-10,Facebook,streaming app,"Extremely poor service from streaming app, never again.",2,4,Negative,Negative
POST00915,2025-10-08 11:00,2025-10,Twitter,food delivery app,"Huge shoutout to the team behind food delivery app, amazing job! ❤️",3,7,Positive,Positive
POST00890,2025-12-20 05:00,2025-12,Twitter,customer support,"Really disappointed with customer support, expected way better. 😞",16,1,Negative,Negative
POST01784,2025-04-12 02:00,2025-04,YouTube,customer support,"Extremely poor service from customer support, never again. 😞",15,21,Negative,Negative
POST01404,2025-02-17 01:00,2025-02,YouTube,cloud gaming service,"Really impressed by how well cloud gaming service performs, well done! 👍",2,7,Positive,Positive
POST00610,2025-07-01 05:00,2025-07,YouTube,e-commerce sale,"Not sure yet what to think about e-commerce sale, still testing it out. 🤔",19,1,Neutral,Neutral
POST01053,2025-08-27 20:00,2025-08,Twitter,airline service,"The airline service was launched today, here are the specifications. 🤔",0,6,Neutral,Neutral
POST01469,2025-07-30 02:00,2025-07,YouTube,electric car,"The electric car was launched today, here are the specifications. 🤔",13,11,Neutral,Neutral
POST01780,2025-04-22 09:00,2025-04,YouTube,new smartphone,"Extremely poor service from new smartphone, never again. 😡",28,0,Negative,Negative
POST01790,2025-03-10 12:00,2025-03,Twitter,online banking app,"Can't stop recommending online banking app to my friends, it's brilliant. 👍",36,1,Positive,Positive
POST00494,2025-08-22 06:00,2025-08,Facebook,online banking app,"Extremely poor service from online banking app, never again.",20,0,Negative,Negative
POST01332,2025-11-27 05:00,2025-11,Facebook,online banking app,"The online banking app exceeded my expectations, five stars from me.",16,4,Positive,Positive
POST00278,2025-04-03 22:00,2025-04,Instagram,streaming app,"Feeling let down by streaming app, it just doesn't work as promised. 😞",1,0,Negative,Negative
POST01866,2025-04-02 13:00,2025-04,Instagram,new smartphone,"The new smartphone is okay I guess, nothing special but works.",7,0,Neutral,Neutral
POST00359,2025-03-25 12:00,2025-03,Facebook,laptop brand,"Attended a webinar about laptop brand, learned a few things.",6,1,Neutral,Neutral
POST01121,2025-05-29 05:00,2025-05,Facebook,laptop brand,"Just started using laptop brand, will share my thoughts soon.",3,4,Neutral,Neutral
POST00237,2025-08-21 10:00,2025-08,YouTube,customer support,"Best customer support I've used so far, highly recommend it to everyone! 👍",28,11,Positive,Positive
POST00552,2025-02-27 07:00,2025-02,YouTube,new movie release,"Great value for money with new movie release, totally worth it.",2,22,Positive,Positive
POST01916,2025-08-18 04:00,2025-08,Facebook,cloud gaming service,"The cloud gaming service is fine, price is a bit high though.",14,3,Neutral,Neutral
POST00908,2025-03-11 22:00,2025-03,YouTube,fitness tracker,"Read an article about fitness tracker today, fairly informative. 🤔",18,2,Neutral,Neutral
POST00209,2025-02-16 21:00,2025-02,YouTube,airline service,Why is airline service so slow today? Getting really annoyed. 😡,5,2,Negative,Negative
POST01628,2025-04-21 22:00,2025-04,Instagram,laptop brand,"Really disappointed with laptop brand, expected way better. 😞",19,0,Negative,Negative
POST01575,2025-04-02 10:00,2025-04,YouTube,fitness tracker,"Super smooth experience with fitness tracker today, very happy customer here.",13,1,Positive,Positive
POST00059,2025-12-06 03:00,2025-12,Facebook,cloud gaming service,"Worst experience ever with cloud gaming service, would not recommend. 👎",2,4,Negative,Negative
POST00632,2025-07-12 05:00,2025-07,Instagram,laptop brand,"Just tried the laptop brand and I'm impressed, great experience overall.",20,10,Positive,Positive
POST01831,2025-10-10 03:00,2025-10,Facebook,electric car,"Decent electric car, does the job but support could be faster.",16,1,Neutral,Neutral
POST01879,2025-12-26 02:00,2025-12,Instagram,fitness tracker,"Mixed feelings about fitness tracker, some parts great some not.",1,5,Neutral,Neutral
POST01592,2025-09-22 18:00,2025-09,Instagram,new movie release,"Read an article about new movie release today, fairly informative.",4,7,Positive,Neutral
POST00364,2025-10-26 15:00,2025-10,Twitter,electric car,"Best electric car I've used so far, highly recommend it to everyone!",71,8,Positive,Positive
POST00506,2025-12-11 22:00,2025-12,Instagram,new movie release,"The new movie release exceeded my expectations, five stars from me.",26,18,Positive,Positive
POST00680,2025-05-22 08:00,2025-05,Facebook,cloud gaming service,"The cloud gaming service exceeded my expectations, five stars from me. 🔥",6,2,Positive,Positive
POST01132,2025-06-04 15:00,2025-06,YouTube,customer support,"Really impressed by how well customer support performs, well done! 🔥",57,44,Positive,Positive
POST01618,2025-07-08 02:00,2025-07,Twitter,customer support,"Just tried the customer support and I'm impressed, great experience overall.",37,3,Positive,Positive
POST01227,2025-05-14 07:00,2025-05,Instagram,online banking app,The online banking app is scheduled for release next week.,5,5,Neutral,Neutral
POST01423,2025-03-27 04:00,2025-03,Twitter,new smartphone,"The new smartphone update ruined everything, please fix this asap.",0,6,Negative,Negative
POST00995,2025-01-28 14:00,2025-01,Facebook,food delivery app,"Really disappointed with food delivery app, expected way better. 😡",20,3,Negative,Negative
POST00825,2025-09-04 21:00,2025-09,Twitter,electric car,The electric car is scheduled for release next week.,15,3,Positive,Neutral
POST00119,2025-11-12 17:00,2025-11,Facebook,streaming app,"Great value for money with streaming app, totally worth it. ❤️",25,0,Positive,Positive
POST01260,2025-10-25 01:00,2025-10,Instagram,online banking app,"Worst experience ever with online banking app, would not recommend. 👎",12,9,Negative,Negative
POST00775,2025-02-28 21:00,2025-02,Twitter,fitness tracker,"The fitness tracker broke down after just one week, very poor quality.",4,6,Negative,Negative
POST00523,2025-04-16 06:00,2025-04,Instagram,e-commerce sale,"Really disappointed with e-commerce sale, expected way better. 👎",1,3,Negative,Negative
POST00514,2025-07-29 21:00,2025-07,YouTube,cloud gaming service,"The cloud gaming service update ruined everything, please fix this asap.",14,0,Negative,Negative
POST00082,2025-07-27 17:00,2025-07,Facebook,e-commerce sale,"Absolutely loving the e-commerce sale, works flawlessly! #happy 👍",0,21,Positive,Positive
POST00731,2025-09-04 11:00,2025-09,Instagram,customer support,"Can't stop recommending customer support to my friends, it's brilliant. 🔥",59,8,Positive,Positive
POST01028,2025-07-21 13:00,2025-07,Instagram,streaming app,Here's a quick overview of the new streaming app update.,2,3,Positive,Neutral
POST00381,2025-01-03 17:00,2025-01,Instagram,cloud gaming service,"Not sure yet what to think about cloud gaming service, still testing it out.",5,4,Neutral,Neutral
POST01038,2025-10-29 21:00,2025-10,Instagram,food delivery app,"Great value for money with food delivery app, totally worth it. ❤️",31,0,Positive,Positive
POST01705,2025-10-01 20:00,2025-10,Instagram,cloud gaming service,"The cloud gaming service update ruined everything, please fix this asap. 😡",14,1,Negative,Negative
POST00085,2025-12-04 02:00,2025-12,Instagram,electric car,The electric car has some new features this month.,4,0,Neutral,Neutral
POST01694,2025-12-25 07:00,2025-12,Facebook,fitness tracker,"The fitness tracker broke down after just one week, very poor quality.",0,0,Negative,Negative
POST00979,2025-05-29 12:00,2025-05,YouTube,food delivery app,"Worst experience ever with food delivery app, would not recommend. 😞",2,6,Negative,Negative
POST00330,2025-11-25 02:00,2025-11,Facebook,streaming app,"The streaming app update ruined everything, please fix this asap.",3,6,Negative,Negative
POST00007,2025-02-17 12:00,2025-02,Twitter,laptop brand,"The laptop brand keeps crashing, so frustrating to deal with. 👎",4,3,Negative,Negative
POST00753,2025-12-26 17:00,2025-12,Facebook,customer support,"The customer support broke down after just one week, very poor quality. 😞",6,1,Negative,Negative
POST00766,2025-05-31 14:00,2025-05,Instagram,electric car,"Best electric car I've used so far, highly recommend it to everyone! 😊",6,0,Positive,Positive
POST01231,2025-08-14 08:00,2025-08,Instagram,laptop brand,Here's a quick overview of the new laptop brand update. 🤔,8,5,Neutral,Neutral
POST01507,2025-01-22 00:00,2025-01,YouTube,fitness tracker,"Great value for money with fitness tracker, totally worth it.",0,15,Neutral,Positive
POST00452,2025-01-29 20:00,2025-01,YouTube,fitness tracker,"Just started using fitness tracker, will share my thoughts soon. 🤔",8,8,Neutral,Neutral
POST00491,2025-08-17 11:00,2025-08,Instagram,fitness tracker,"Not happy at all with fitness tracker, total waste of money.",16,8,Negative,Negative
POST01495,2025-02-28 03:00,2025-02,Twitter,online banking app,"Extremely poor service from online banking app, never again. 😞",10,0,Negative,Negative
POST00288,2025-02-11 11:00,2025-02,YouTube,food delivery app,Why is food delivery app so slow today? Getting really annoyed. 😡,8,2,Negative,Negative
POST01553,2025-09-17 17:00,2025-09,Instagram,new smartphone,"Just started using new smartphone, will share my thoughts soon.",9,0,Positive,Neutral
POST02006,2025-07-21 03:00,2025-07,Facebook,food delivery app,Loved the food delivery app at first but the recent update is buggy.,1,17,Negative,Negative
POST01381,2025-09-22 10:00,2025-09,Facebook,e-commerce sale,"Can't stop recommending e-commerce sale to my friends, it's brilliant. 🔥",3,0,Positive,Positive
POST00772,2025-09-16 05:00,2025-09,Twitter,streaming app,"Not happy at all with streaming app, total waste of money.",59,0,Negative,Negative
POST01353,2025-02-21 05:00,2025-02,YouTube,electric car,The electric car has some new features this month. 🤔,0,8,Neutral,Neutral
POST00810,2025-12-01 04:00,2025-12,YouTube,online banking app,Here's a quick overview of the new online banking app update.,4,8,Neutral,Neutral
POST01718,2025-04-18 23:00,2025-04,Instagram,laptop brand,"Huge shoutout to the team behind laptop brand, amazing job! 😊",59,11,Neutral,Positive
POST00807,2025-05-24 04:00,2025-05,Twitter,streaming app,"Really impressed by how well streaming app performs, well done! 🔥",12,1,Positive,Positive
POST00889,2025-05-09 17:00,2025-05,Facebook,new movie release,"Feeling let down by new movie release, it just doesn't work as promised. 😡",4,0,Negative,Negative
POST00931,2025-10-09 16:00,2025-10,Twitter,cloud gaming service,"The cloud gaming service keeps crashing, so frustrating to deal with. 👎",47,3,Negative,Negative
POST01103,2025-11-10 16:00,2025-11,Twitter,e-commerce sale,"Can't stop recommending e-commerce sale to my friends, it's brilliant. 🔥",1,3,Positive,Positive
POST01666,2025-09-09 12:00,2025-09,Facebook,electric car,Comparing electric car with other options currently available.,1,1,Neutral,Neutral
POST00328,2025-11-10 02:00,2025-11,Instagram,new movie release,"The new movie release was launched today, here are the specifications.",1,0,Neutral,Neutral
POST00443,2025-02-04 22:00,2025-02,Instagram,streaming app,"Best streaming app I've used so far, highly recommend it to everyone! 😊",38,8,Positive,Positive
POST00783,2025-01-13 14:00,2025-01,Instagram,electric car,"The electric car broke down after just one week, very poor quality. 😡",5,3,Negative,Negative
POST01088,2025-01-16 02:00,2025-01,YouTube,new movie release,"The new movie release update ruined everything, please fix this asap. 😡",6,0,Negative,Negative
POST01340,2025-09-12 02:00,2025-09,Facebook,fitness tracker,"Saw an ad for fitness tracker today, might check it out later. 🤔",4,1,Neutral,Neutral
POST00888,2025-03-10 20:00,2025-03,YouTube,customer support,"Read an article about customer support today, fairly informative.",2,4,Neutral,Neutral
POST00178,2025-05-01 20:00,2025-05,Twitter,new smartphone,The new smartphone has some new features this month. 🤔,68,3,Neutral,Neutral
POST00745,2025-03-03 12:00,2025-03,Instagram,food delivery app,"Saw an ad for food delivery app today, might check it out later.",22,4,Neutral,Neutral
POST00711,2025-06-04 13:00,2025-06,Twitter,electric car,"Just tried the electric car and I'm impressed, great experience overall.",0,6,Positive,Positive
POST00087,2025-01-24 07:00,2025-01,Twitter,streaming app,"The streaming app update ruined everything, please fix this asap. 😡",1,3,Negative,Negative
POST01421,2025-08-12 20:00,2025-08,Instagram,cloud gaming service,"Really impressed by how well cloud gaming service performs, well done! 🔥",53,4,Positive,Positive
POST01920,2025-03-15 09:00,2025-03,Twitter,airline service,"Mixed feelings about airline service, some parts great some not.",0,0,Neutral,Neutral
POST00458,2025-12-13 17:00,2025-12,YouTube,food delivery app,"Super smooth experience with food delivery app today, very happy customer here. ❤️",48,5,Positive,Positive
POST01847,2025-03-25 05:00,2025-03,Facebook,new smartphone,"Decent new smartphone, does the job but support could be faster.",8,1,Neutral,Neutral
POST00055,2025-01-05 14:00,2025-01,Twitter,laptop brand,"Feeling let down by laptop brand, it just doesn't work as promised. 😡",9,0,Negative,Negative
POST01996,2025-01-06 05:00,2025-01,Facebook,streaming app,Loved the streaming app at first but the recent update is buggy.,3,4,Negative,Negative
POST00644,2025-03-19 22:00,2025-03,Twitter,online banking app,"Just tried the online banking app and I'm impressed, great experience overall. 😊",21,6,Positive,Positive
POST00678,2025-10-15 20:00,2025-10,Facebook,cloud gaming service,"Feeling let down by cloud gaming service, it just doesn't work as promised. 👎",7,14,Negative,Negative
POST00222,2025-02-20 22:00,2025-02,YouTube,new movie release,"Just tried the new movie release and I'm impressed, great experience overall.",2,1,Positive,Positive
POST00114,2025-07-23 22:00,2025-07,YouTube,online banking app,"Huge shoutout to the team behind online banking app, amazing job! 😊",16,5,Positive,Positive
POST00994,2025-05-11 05:00,2025-05,Twitter,customer support,"Just started using customer support, will share my thoughts soon.",6,1,Positive,Neutral
POST01334,2025-06-08 14:00,2025-06,Instagram,new smartphone,"Great value for money with new smartphone, totally worth it.",21,13,Positive,Positive
POST01011,2025-01-16 10:00,2025-01,Instagram,laptop brand,"Can't stop recommending laptop brand to my friends, it's brilliant. ❤️",13,11,Positive,Positive
POST00175,2025-07-29 20:00,2025-07,Instagram,electric car,"Not sure yet what to think about electric car, still testing it out. 🤔",22,7,Neutral,Neutral
POST01470,2025-09-01 06:00,2025-09,Instagram,customer support,"Great value for money with customer support, totally worth it. 😊",12,6,Positive,Positive
POST00590,2025-02-16 05:00,2025-02,Twitter,online banking app,"Terrible customer support for online banking app, waited hours for a reply. 😡",5,2,Negative,Negative
POST01574,2025-11-27 16:00,2025-11,YouTube,streaming app,Here's a quick overview of the new streaming app update.,5,0,Neutral,Neutral
POST00019,2025-05-07 23:00,2025-05,Instagram,online banking app,"Extremely poor service from online banking app, never again. 👎",30,0,Negative,Negative
POST00424,2025-07-29 04:00,2025-07,YouTube,laptop brand,"The laptop brand exceeded my expectations, five stars from me. ❤️",29,15,Positive,Positive
POST01799,2025-12-08 13:00,2025-12,Instagram,electric car,Why is electric car so slow today? Getting really annoyed.,5,0,Negative,Negative
POST00286,2025-02-16 07:00,2025-02,YouTube,streaming app,"Great value for money with streaming app, totally worth it. 👍",0,5,Positive,Positive
POST01974,2025-01-17 00:00,2025-01,YouTube,new smartphone,Loved the new smartphone at first but the recent update is buggy.,11,15,Positive,Negative
POST00429,2025-07-13 21:00,2025-07,Facebook,new smartphone,"The customer service for new smartphone was fantastic, quick and helpful.",18,0,Positive,Positive
POST01524,2025-11-23 12:00,2025-11,Instagram,new smartphone,"The new smartphone was launched today, here are the specifications.",8,4,Neutral,Neutral
POST00758,2025-03-16 01:00,2025-03,YouTube,new smartphone,"Absolutely loving the new smartphone, works flawlessly! #happy 🔥",16,8,Positive,Positive
POST00670,2025-05-13 23:00,2025-05,Instagram,laptop brand,"The laptop brand was launched today, here are the specifications.",0,2,Neutral,Neutral
POST00032,2025-10-09 05:00,2025-10,YouTube,cloud gaming service,"Terrible customer support for cloud gaming service, waited hours for a reply.",17,2,Negative,Negative
POST01755,2025-11-06 07:00,2025-11,Twitter,customer support,"The customer support keeps crashing, so frustrating to deal with. 👎",0,14,Negative,Negative
POST00723,2025-07-10 10:00,2025-07,Twitter,electric car,"Worst experience ever with electric car, would not recommend. 😡",1,4,Negative,Negative
POST01006,2025-10-21 04:00,2025-10,Instagram,customer support,"Can't stop recommending customer support to my friends, it's brilliant. 👍",32,4,Positive,Positive
POST00215,2025-03-06 23:00,2025-03,Twitter,online banking app,"Can't stop recommending online banking app to my friends, it's brilliant.",9,1,Positive,Positive
POST01034,2025-04-02 22:00,2025-04,Instagram,streaming app,"Really disappointed with streaming app, expected way better.",1,5,Negative,Negative
POST01263,2025-09-21 06:00,2025-09,Twitter,online banking app,"Worst experience ever with online banking app, would not recommend. 😡",7,0,Negative,Negative
POST00327,2025-07-04 17:00,2025-07,Twitter,new movie release,"Feeling let down by new movie release, it just doesn't work as promised. 👎",10,1,Negative,Negative
POST00561,2025-02-14 13:00,2025-02,Instagram,new smartphone,"Just tried the new smartphone and I'm impressed, great experience overall. ❤️",92,8,Positive,Positive
POST01303,2025-08-09 03:00,2025-08,Twitter,new smartphone,"Not happy at all with new smartphone, total waste of money.",4,3,Negative,Negative
POST00701,2025-06-09 04:00,2025-06,Facebook,electric car,"The electric car was launched today, here are the specifications.",9,0,Neutral,Neutral
POST00757,2025-08-05 00:00,2025-08,Facebook,cloud gaming service,"Really impressed by how well cloud gaming service performs, well done! 😊",17,0,Positive,Positive
POST01558,2025-12-21 07:00,2025-12,Instagram,new smartphone,The new smartphone is scheduled for release next week. 🤔,15,0,Neutral,Neutral
POST00342,2025-06-10 22:00,2025-06,Instagram,laptop brand,Here's a quick overview of the new laptop brand update.,34,2,Neutral,Neutral
POST00630,2025-03-25 14:00,2025-03,Instagram,e-commerce sale,"Just tried the e-commerce sale and I'm impressed, great experience overall. 😊",32,38,Positive,Positive
POST00148,2025-01-31 05:00,2025-01,Twitter,streaming app,The streaming app has some new features this month.,5,1,Neutral,Neutral
POST01731,2025-12-21 21:00,2025-12,YouTube,cloud gaming service,"Just tried the cloud gaming service and I'm impressed, great experience overall. ❤️",30,11,Positive,Positive
POST00361,2025-09-01 00:00,2025-09,Facebook,electric car,Here's a quick overview of the new electric car update.,1,2,Neutral,Neutral
POST00084,2025-08-15 21:00,2025-08,YouTube,new movie release,"Saw an ad for new movie release today, might check it out later.",4,1,Neutral,Neutral
POST00049,2025-06-10 01:00,2025-06,Twitter,new smartphone,"Absolutely loving the new smartphone, works flawlessly! #happy",0,7,Positive,Positive
POST00469,2025-02-22 00:00,2025-02,YouTube,fitness tracker,"The fitness tracker keeps crashing, so frustrating to deal with. 👎",7,7,Negative,Negative
POST00156,2025-12-22 15:00,2025-12,YouTube,laptop brand,"The laptop brand exceeded my expectations, five stars from me. ❤️",8,16,Positive,Positive
POST00781,2025-04-18 21:00,2025-04,Twitter,cloud gaming service,"Saw an ad for cloud gaming service today, might check it out later.",0,0,Neutral,Neutral
POST01430,2025-09-11 19:00,2025-09,Twitter,new movie release,"The new movie release broke down after just one week, very poor quality.",5,6,Negative,Negative
POST01211,2025-09-21 21:00,2025-09,Twitter,electric car,Here's a quick overview of the new electric car update. 🤔,1,2,Neutral,Neutral
POST01415,2025-08-11 17:00,2025-08,Twitter,online banking app,"Just started using online banking app, will share my thoughts soon. 🤔",7,2,Neutral,Neutral
POST01474,2025-03-08 22:00,2025-03,YouTube,new movie release,"Really impressed by how well new movie release performs, well done!",2,25,Positive,Positive
POST01645,2025-09-15 18:00,2025-09,Instagram,customer support,"Just started using customer support, will share my thoughts soon. 🤔",7,2,Neutral,Neutral
POST00501,2025-12-27 06:00,2025-12,Twitter,customer support,Why is customer support so slow today? Getting really annoyed. 👎,7,0,Negative,Negative
POST01782,2025-07-01 03:00,2025-07,Facebook,laptop brand,"Absolutely loving the laptop brand, works flawlessly! #happy 👍",80,6,Positive,Positive
POST00180,2025-01-15 01:00,2025-01,Facebook,streaming app,"Super smooth experience with streaming app today, very happy customer here. 😊",14,1,Positive,Positive
POST01056,2025-06-07 09:00,2025-06,Twitter,online banking app,"Extremely poor service from online banking app, never again. 👎",31,0,Negative,Negative
POST01904,2025-04-19 19:00,2025-04,Twitter,airline service,"The airline service is fine, price is a bit high though.",20,8,Neutral,Neutral
POST00793,2025-03-05 01:00,2025-03,Instagram,fitness tracker,"Absolutely loving the fitness tracker, works flawlessly! #happy",38,4,Positive,Positive
POST00887,2025-03-18 15:00,2025-03,Instagram,food delivery app,"Absolutely loving the food delivery app, works flawlessly! #happy 🔥",26,5,Positive,Positive
POST01262,2025-11-22 11:00,2025-11,YouTube,laptop brand,"Just started using laptop brand, will share my thoughts soon.",19,0,Neutral,Neutral
POST01724,2025-10-23 04:00,2025-10,Instagram,cloud gaming service,The cloud gaming service is scheduled for release next week.,6,3,Neutral,Neutral
POST00529,2025-02-08 20:00,2025-02,YouTube,customer support,"The customer support was launched today, here are the specifications.",1,4,Neutral,Neutral
POST00347,2025-09-13 16:00,2025-09,Instagram,food delivery app,"Great value for money with food delivery app, totally worth it. ❤️",9,6,Positive,Positive
POST01400,2025-12-17 19:00,2025-12,Facebook,electric car,"Best electric car I've used so far, highly recommend it to everyone! 👍",14,7,Positive,Positive
POST01981,2025-11-20 18:00,2025-11,Twitter,fitness tracker,Loved the fitness tracker at first but the recent update is buggy.,14,11,Negative,Negative
POST01289,2025-05-29 13:00,2025-05,YouTube,food delivery app,"Huge shoutout to the team behind food delivery app, amazing job! 😊",10,4,Positive,Positive
POST01993,2025-01-12 13:00,2025-01,YouTube,airline service,"Mixed feelings about airline service, some parts great some not.",0,9,Neutral,Neutral
POST01023,2025-09-23 17:00,2025-09,Instagram,new smartphone,"Can't stop recommending new smartphone to my friends, it's brilliant. 😊",83,2,Negative,Positive
POST00602,2025-09-13 13:00,2025-09,Facebook,cloud gaming service,"Really impressed by how well cloud gaming service performs, well done! ❤️",10,11,Positive,Positive
POST01058,2025-03-31 06:00,2025-03,Twitter,electric car,"Super smooth experience with electric car today, very happy customer here. 👍",4,1,Positive,Positive
POST00244,2025-04-15 09:00,2025-04,Twitter,new smartphone,"Huge shoutout to the team behind new smartphone, amazing job! 🔥",4,13,Positive,Positive
POST00901,2025-12-25 23:00,2025-12,Facebook,cloud gaming service,"The cloud gaming service keeps crashing, so frustrating to deal with. 😞",44,0,Negative,Negative
POST01076,2025-05-20 04:00,2025-05,Twitter,cloud gaming service,"Not sure yet what to think about cloud gaming service, still testing it out.",3,1,Neutral,Neutral
POST01490,2025-09-01 16:00,2025-09,Instagram,e-commerce sale,"Absolutely loving the e-commerce sale, works flawlessly! #happy 😊",74,16,Positive,Positive
POST00313,2025-06-30 19:00,2025-06,Twitter,new movie release,"Can't stop recommending new movie release to my friends, it's brilliant. 👍",61,1,Positive,Positive
POST00436,2025-01-24 18:00,2025-01,YouTube,laptop brand,"Saw an ad for laptop brand today, might check it out later. 🤔",15,6,Neutral,Neutral
POST01919,2025-03-20 18:00,2025-03,Twitter,e-commerce sale,"The e-commerce sale is fine, price is a bit high though.",8,7,Neutral,Neutral
POST00945,2025-10-05 11:00,2025-10,Facebook,online banking app,"Great value for money with online banking app, totally worth it. 😊",8,4,Positive,Positive
POST00309,2025-02-12 23:00,2025-02,Facebook,fitness tracker,"Not happy at all with fitness tracker, total waste of money. 😡",0,1,Positive,Negative
POST00431,2025-06-20 09:00,2025-06,Instagram,new movie release,"Absolutely loving the new movie release, works flawlessly! #happy 🔥",3,6,Neutral,Positive
POST00661,2025-08-15 10:00,2025-08,Facebook,streaming app,"The streaming app exceeded my expectations, five stars from me. ❤️",40,4,Positive,Positive
POST00371,2025-11-09 15:00,2025-11,Facebook,cloud gaming service,"Saw an ad for cloud gaming service today, might check it out later. 🤔",3,1,Neutral,Neutral
POST00567,2025-09-19 11:00,2025-09,YouTube,new movie release,"Just started using new movie release, will share my thoughts soon.",9,13,Neutral,Neutral
POST00991,2025-08-30 00:00,2025-08,YouTube,online banking app,"Super smooth experience with online banking app today, very happy customer here. 🔥",4,12,Positive,Positive
POST00182,2025-10-17 21:00,2025-10,YouTube,fitness tracker,"Worst experience ever with fitness tracker, would not recommend. 😞",11,1,Negative,Negative
POST01041,2025-03-17 01:00,2025-03,Instagram,new smartphone,"Super smooth experience with new smartphone today, very happy customer here. 😊",7,0,Positive,Positive
POST00622,2025-12-26 18:00,2025-12,Twitter,streaming app,"Not happy at all with streaming app, total waste of money. 😡",50,11,Negative,Negative
POST01235,2025-01-03 23:00,2025-01,Instagram,laptop brand,"Really impressed by how well laptop brand performs, well done!",47,23,Positive,Positive
POST01203,2025-08-20 15:00,2025-08,Twitter,electric car,"Saw an ad for electric car today, might check it out later. 🤔",4,10,Neutral,Neutral
POST00964,2025-10-16 17:00,2025-10,Instagram,e-commerce sale,"Saw an ad for e-commerce sale today, might check it out later.",4,4,Neutral,Neutral
POST01434,2025-08-02 21:00,2025-08,YouTube,online banking app,"The online banking app broke down after just one week, very poor quality.",1,11,Negative,Negative
POST01859,2025-02-22 17:00,2025-02,Twitter,new smartphone,"The new smartphone is okay I guess, nothing special but works.",16,5,Neutral,Neutral
POST00933,2025-11-21 13:00,2025-11,Instagram,airline service,"Super smooth experience with airline service today, very happy customer here. 😊",24,31,Positive,Positive
POST01293,2025-02-03 11:00,2025-02,Instagram,electric car,"Huge shoutout to the team behind electric car, amazing job! 👍",52,6,Positive,Positive
POST00297,2025-09-26 11:00,2025-09,Twitter,cloud gaming service,"Just tried the cloud gaming service and I'm impressed, great experience overall.",6,10,Positive,Positive
POST01451,2025-07-31 13:00,2025-07,YouTube,streaming app,The streaming app is scheduled for release next week.,10,2,Neutral,Neutral
POST00462,2025-11-21 08:00,2025-11,Twitter,laptop brand,"Great value for money with laptop brand, totally worth it. ❤️",26,3,Positive,Positive
POST01314,2025-06-06 03:00,2025-06,Twitter,electric car,"The electric car broke down after just one week, very poor quality. 😞",16,9,Negative,Negative
POST01335,2025-11-28 01:00,2025-11,YouTube,customer support,"Saw an ad for customer support today, might check it out later. 🤔",2,0,Neutral,Neutral
POST00378,2025-11-12 23:00,2025-11,Twitter,streaming app,"Feeling let down by streaming app, it just doesn't work as promised. 😞",1,0,Negative,Negative
POST00799,2025-10-25 15:00,2025-10,Instagram,airline service,Here's a quick overview of the new airline service update.,5,0,Neutral,Neutral
POST01113,2025-07-16 11:00,2025-07,YouTube,customer support,"Saw an ad for customer support today, might check it out later. 🤔",17,3,Neutral,Neutral
POST00106,2025-01-26 08:00,2025-01,Instagram,new movie release,"Not happy at all with new movie release, total waste of money. 👎",6,0,Negative,Negative
POST00127,2025-12-21 07:00,2025-12,YouTube,food delivery app,The food delivery app has some new features this month.,3,0,Neutral,Neutral
POST00986,2025-11-01 20:00,2025-11,Facebook,laptop brand,"Really disappointed with laptop brand, expected way better. 👎",15,7,Negative,Negative
POST01279,2025-05-23 18:00,2025-05,Instagram,airline service,"The airline service broke down after just one week, very poor quality. 👎",4,10,Negative,Negative
POST01406,2025-05-29 14:00,2025-05,Twitter,fitness tracker,Comparing fitness tracker with other options currently available. 🤔,0,2,Neutral,Neutral
POST00356,2025-11-05 16:00,2025-11,Instagram,streaming app,Comparing streaming app with other options currently available. 🤔,3,0,Neutral,Neutral
POST01631,2025-04-14 07:00,2025-04,YouTube,new smartphone,"Super smooth experience with new smartphone today, very happy customer here. 🔥",1,7,Positive,Positive
POST00683,2025-07-27 12:00,2025-07,YouTube,online banking app,"Absolutely loving the online banking app, works flawlessly! #happy",30,6,Positive,Positive
POST01648,2025-03-19 12:00,2025-03,Instagram,online banking app,Why is online banking app so slow today? Getting really annoyed. 😡,22,1,Neutral,Negative
POST00882,2025-05-02 08:00,2025-05,Facebook,streaming app,"The streaming app update ruined everything, please fix this asap. 👎",0,1,Negative,Negative
POST00210,2025-05-05 04:00,2025-05,Facebook,new smartphone,"Attended a webinar about new smartphone, learned a few things. 🤔",0,1,Neutral,Neutral
POST00985,2025-08-05 11:00,2025-08,YouTube,airline service,"The airline service broke down after just one week, very poor quality. 😞",7,10,Negative,Negative
POST00141,2025-10-19 19:00,2025-10,Facebook,customer support,"Just started using customer support, will share my thoughts soon. 🤔",18,0,Negative,Neutral
POST01450,2025-03-19 16:00,2025-03,Instagram,laptop brand,"Not happy at all with laptop brand, total waste of money. 😞",20,3,Negative,Negative
POST01351,2025-11-20 10:00,2025-11,YouTube,streaming app,Comparing streaming app with other options currently available. 🤔,14,6,Neutral,Neutral
POST01068,2025-01-20 06:00,2025-01,Facebook,airline service,"The airline service keeps crashing, so frustrating to deal with.",2,7,Negative,Negative
POST01589,2025-01-05 09:00,2025-01,Facebook,electric car,"Terrible customer support for electric car, waited hours for a reply. 👎",58,7,Negative,Negative
POST01106,2025-11-17 10:00,2025-11,YouTube,customer support,"Not happy at all with customer support, total waste of money.",7,0,Negative,Negative
POST01152,2025-03-18 20:00,2025-03,YouTube,new smartphone,"Absolutely loving the new smartphone, works flawlessly! #happy 😊",71,1,Positive,Positive
POST01783,2025-07-25 11:00,2025-07,Instagram,electric car,"Absolutely loving the electric car, works flawlessly! #happy 😊",7,4,Positive,Positive
POST00712,2025-08-03 03:00,2025-08,Instagram,online banking app,"Extremely poor service from online banking app, never again. 😡",15,8,Negative,Negative
POST01661,2025-01-11 12:00,2025-01,YouTube,streaming app,Comparing streaming app with other options currently available. 🤔,3,4,Neutral,Neutral
POST00875,2025-09-04 11:00,2025-09,Twitter,new smartphone,"Feeling let down by new smartphone, it just doesn't work as promised. 👎",28,1,Negative,Negative
POST00870,2025-09-01 10:00,2025-09,Instagram,fitness tracker,"Super smooth experience with fitness tracker today, very happy customer here. 🔥",30,0,Positive,Positive
POST00011,2025-04-30 03:00,2025-04,Twitter,online banking app,"Not happy at all with online banking app, total waste of money. 👎",2,0,Negative,Negative
POST01711,2025-06-09 01:00,2025-06,Twitter,customer support,"Feeling let down by customer support, it just doesn't work as promised. 😞",8,0,Negative,Negative
POST01134,2025-08-18 12:00,2025-08,Facebook,new smartphone,"The new smartphone broke down after just one week, very poor quality. 😡",0,0,Negative,Negative
POST00283,2025-11-06 04:00,2025-11,Instagram,streaming app,"The streaming app exceeded my expectations, five stars from me. 😊",144,5,Positive,Positive
POST00811,2025-03-10 14:00,2025-03,Facebook,food delivery app,"Extremely poor service from food delivery app, never again. 😡",21,16,Negative,Negative
POST01101,2025-04-11 06:00,2025-04,YouTube,e-commerce sale,"The e-commerce sale broke down after just one week, very poor quality. 👎",70,3,Negative,Negative
POST00292,2025-02-26 09:00,2025-02,YouTube,streaming app,Why is streaming app so slow today? Getting really annoyed. 👎,0,0,Negative,Negative
POST00755,2025-12-30 20:00,2025-12,Instagram,cloud gaming service,"Not sure yet what to think about cloud gaming service, still testing it out.",7,3,Neutral,Neutral
POST00627,2025-02-25 23:00,2025-02,Facebook,laptop brand,"Absolutely loving the laptop brand, works flawlessly! #happy 😊",20,9,Positive,Positive
POST01630,2025-08-16 01:00,2025-08,Facebook,electric car,"Feeling let down by electric car, it just doesn't work as promised. 😡",0,4,Negative,Negative
POST01697,2025-12-14 14:00,2025-12,Facebook,electric car,Why is electric car so slow today? Getting really annoyed.,1,0,Negative,Negative
POST00130,2025-06-11 03:00,2025-06,Instagram,airline service,"Really impressed by how well airline service performs, well done! 🔥",34,13,Positive,Positive
POST01186,2025-01-27 17:00,2025-01,Twitter,new smartphone,"Worst experience ever with new smartphone, would not recommend. 😞",3,2,Negative,Negative
POST00844,2025-05-14 17:00,2025-05,Facebook,customer support,Comparing customer support with other options currently available.,13,7,Neutral,Neutral
POST00324,2025-12-08 11:00,2025-12,Facebook,cloud gaming service,"The cloud gaming service keeps crashing, so frustrating to deal with. 👎",13,11,Negative,Negative
POST01395,2025-04-19 01:00,2025-04,Instagram,electric car,"Terrible customer support for electric car, waited hours for a reply. 👎",4,0,Negative,Negative
POST01533,2025-06-21 02:00,2025-06,Instagram,customer support,"Attended a webinar about customer support, learned a few things. 🤔",3,2,Neutral,Neutral
POST00975,2025-03-03 07:00,2025-03,YouTube,customer support,"Attended a webinar about customer support, learned a few things. 🤔",2,1,Neutral,Neutral
POST01884,2025-03-02 22:00,2025-03,Instagram,new smartphone,Loved the new smartphone at first but the recent update is buggy.,11,5,Negative,Negative
POST01304,2025-08-15 14:00,2025-08,YouTube,laptop brand,"Absolutely loving the laptop brand, works flawlessly! #happy 😊",1,2,Positive,Positive
POST01802,2025-05-21 06:00,2025-05,Twitter,customer support,Loved the customer support at first but the recent update is buggy.,31,1,Negative,Negative
POST00696,2025-05-21 06:00,2025-05,YouTube,new smartphone,"Worst experience ever with new smartphone, would not recommend. 😞",1,4,Negative,Negative
POST00216,2025-09-01 14:00,2025-09,Twitter,airline service,Here's a quick overview of the new airline service update. 🤔,10,4,Neutral,Neutral
POST01051,2025-09-24 23:00,2025-09,YouTube,streaming app,"The streaming app update ruined everything, please fix this asap.",3,4,Negative,Negative
POST01273,2025-04-18 04:00,2025-04,Instagram,online banking app,"Just tried the online banking app and I'm impressed, great experience overall. ❤️",43,13,Positive,Positive
POST00159,2025-04-07 16:00,2025-04,Twitter,customer support,"The customer support broke down after just one week, very poor quality.",59,0,Negative,Negative
POST01638,2025-01-07 12:00,2025-01,Facebook,cloud gaming service,Why is cloud gaming service so slow today? Getting really annoyed.,9,0,Negative,Negative
POST01000,2025-09-29 09:00,2025-09,Instagram,new smartphone,"Super smooth experience with new smartphone today, very happy customer here. ❤️",8,16,Positive,Positive
POST00842,2025-09-24 00:00,2025-09,Twitter,e-commerce sale,"Can't stop recommending e-commerce sale to my friends, it's brilliant. 🔥",40,2,Positive,Positive
POST00635,2025-04-16 06:00,2025-04,Facebook,airline service,Comparing airline service with other options currently available.,0,5,Neutral,Neutral
POST00517,2025-10-17 23:00,2025-10,YouTube,streaming app,"Great value for money with streaming app, totally worth it.",25,24,Positive,Positive
POST01441,2025-09-07 08:00,2025-09,Instagram,fitness tracker,"The fitness tracker broke down after just one week, very poor quality. 👎",32,4,Negative,Negative
POST01978,2025-03-07 20:00,2025-03,YouTube,new smartphone,"Mixed feelings about new smartphone, some parts great some not.",24,1,Negative,Neutral
POST00598,2025-03-04 01:00,2025-03,Facebook,airline service,The airline service is scheduled for release next week. 🤔,8,4,Neutral,Neutral
POST00196,2025-09-04 09:00,2025-09,Facebook,streaming app,"Super smooth experience with streaming app today, very happy customer here. 😊",1,1,Positive,Positive
POST01658,2025-10-23 14:00,2025-10,Facebook,online banking app,"Saw an ad for online banking app today, might check it out later.",8,4,Neutral,Neutral
POST00880,2025-01-07 21:00,2025-01,Twitter,electric car,"Saw an ad for electric car today, might check it out later.",36,4,Positive,Neutral
POST00411,2025-07-13 12:00,2025-07,YouTube,customer support,"The customer support was launched today, here are the specifications. 🤔",3,0,Neutral,Neutral
POST00097,2025-04-29 12:00,2025-04,Instagram,streaming app,"Best streaming app I've used so far, highly recommend it to everyone! 🔥",22,0,Positive,Positive
POST01454,2025-01-19 21:00,2025-01,YouTube,new smartphone,"Best new smartphone I've used so far, highly recommend it to everyone!",1,7,Neutral,Positive
POST01455,2025-08-03 12:00,2025-08,Facebook,new smartphone,"Read an article about new smartphone today, fairly informative.",8,1,Neutral,Neutral
POST00157,2025-08-21 02:00,2025-08,Twitter,fitness tracker,"Super smooth experience with fitness tracker today, very happy customer here. 👍",82,0,Positive,Positive
POST00420,2025-05-02 09:00,2025-05,Facebook,e-commerce sale,"Worst experience ever with e-commerce sale, would not recommend. 😞",0,3,Negative,Negative
POST01821,2025-10-14 11:00,2025-10,Facebook,customer support,Loved the customer support at first but the recent update is buggy.,6,0,Negative,Negative
POST00478,2025-08-09 20:00,2025-08,Facebook,new movie release,"Feeling let down by new movie release, it just doesn't work as promised. 😞",8,4,Negative,Negative
POST01875,2025-11-05 20:00,2025-11,YouTube,new movie release,"Mixed feelings about new movie release, some parts great some not.",2,0,Neutral,Neutral
POST00669,2025-08-31 18:00,2025-08,Instagram,new movie release,"Really impressed by how well new movie release performs, well done! 👍",35,4,Positive,Positive
POST01048,2025-09-26 06:00,2025-09,YouTube,fitness tracker,"Saw an ad for fitness tracker today, might check it out later. 🤔",10,3,Neutral,Neutral
POST01892,2025-03-21 01:00,2025-03,Twitter,online banking app,"The online banking app is okay I guess, nothing special but works.",17,4,Neutral,Neutral
POST01311,2025-10-26 00:00,2025-10,Facebook,laptop brand,Here's a quick overview of the new laptop brand update.,2,3,Neutral,Neutral
POST00448,2025-04-09 19:00,2025-04,Instagram,streaming app,"Extremely poor service from streaming app, never again. 👎",24,5,Neutral,Negative
POST00554,2025-07-07 17:00,2025-07,YouTube,e-commerce sale,"Worst experience ever with e-commerce sale, would not recommend.",11,2,Negative,Negative
POST00179,2025-08-11 03:00,2025-08,Twitter,electric car,"The electric car was launched today, here are the specifications.",34,7,Neutral,Neutral
POST00391,2025-08-07 16:00,2025-08,YouTube,e-commerce sale,"The e-commerce sale broke down after just one week, very poor quality. 😡",47,3,Negative,Negative
POST00579,2025-11-22 22:00,2025-11,Facebook,food delivery app,"Absolutely loving the food delivery app, works flawlessly! #happy 👍",54,4,Positive,Positive
POST01746,2025-12-22 10:00,2025-12,YouTube,streaming app,"Really impressed by how well streaming app performs, well done! 👍",29,8,Positive,Positive
POST01813,2025-12-16 17:00,2025-12,Twitter,cloud gaming service,"The cloud gaming service is okay I guess, nothing special but works.",5,3,Neutral,Neutral
POST01299,2025-04-02 12:00,2025-04,Twitter,new movie release,"Attended a webinar about new movie release, learned a few things.",20,0,Neutral,Neutral
POST01659,2025-07-04 12:00,2025-07,Twitter,new movie release,"Can't stop recommending new movie release to my friends, it's brilliant. 🔥",14,1,Positive,Positive
POST01230,2025-03-24 07:00,2025-03,Instagram,streaming app,"Just tried the streaming app and I'm impressed, great experience overall. 😊",1,0,Positive,Positive
POST00821,2025-11-06 00:00,2025-11,YouTube,new movie release,"Read an article about new movie release today, fairly informative. 🤔",25,3,Neutral,Neutral
POST01961,2025-02-28 05:00,2025-02,Facebook,customer support,"The customer support is fine, price is a bit high though.",1,2,Positive,Neutral
POST01918,2025-05-03 06:00,2025-05,YouTube,electric car,"The electric car is okay I guess, nothing special but works.",2,0,Neutral,Neutral
POST01633,2025-12-15 21:00,2025-12,Instagram,laptop brand,"Just tried the laptop brand and I'm impressed, great experience overall. 🔥",8,0,Positive,Positive
POST00665,2025-03-30 06:00,2025-03,Twitter,fitness tracker,Why is fitness tracker so slow today? Getting really annoyed. 😡,1,5,Negative,Negative
POST00143,2025-10-10 02:00,2025-10,Instagram,food delivery app,"Worst experience ever with food delivery app, would not recommend. 😡",26,1,Negative,Negative
POST01531,2025-09-22 01:00,2025-09,Facebook,new movie release,Why is new movie release so slow today? Getting really annoyed. 😡,2,2,Negative,Negative
POST01442,2025-03-19 22:00,2025-03,Facebook,new smartphone,"Extremely poor service from new smartphone, never again. 😡",19,12,Negative,Negative
POST00865,2025-12-15 14:00,2025-12,YouTube,laptop brand,"Feeling let down by laptop brand, it just doesn't work as promised. 😡",8,0,Negative,Negative
POST00422,2025-11-17 21:00,2025-11,Instagram,electric car,"Not happy at all with electric car, total waste of money.",0,0,Negative,Negative
POST00637,2025-03-20 01:00,2025-03,YouTube,customer support,"Super smooth experience with customer support today, very happy customer here. 😊",4,2,Positive,Positive
POST01419,2025-03-11 00:00,2025-03,Instagram,airline service,"Huge shoutout to the team behind airline service, amazing job! 😊",26,48,Positive,Positive
POST00800,2025-02-21 09:00,2025-02,Instagram,streaming app,"The customer service for streaming app was fantastic, quick and helpful. 😊",25,8,Positive,Positive
POST01115,2025-01-18 01:00,2025-01,Facebook,customer support,"Feeling let down by customer support, it just doesn't work as promised.",2,2,Negative,Negative
POST00616,2025-06-15 01:00,2025-06,Instagram,laptop brand,"Absolutely loving the laptop brand, works flawlessly! #happy 🔥",3,1,Positive,Positive
POST00295,2025-03-15 09:00,2025-03,Instagram,cloud gaming service,"Can't stop recommending cloud gaming service to my friends, it's brilliant. 😊",2,12,Positive,Positive
POST01577,2025-04-17 07:00,2025-04,Twitter,customer support,"Saw an ad for customer support today, might check it out later.",2,0,Neutral,Neutral
POST00940,2025-01-11 22:00,2025-01,Instagram,electric car,"Can't stop recommending electric car to my friends, it's brilliant. 👍",0,3,Positive,Positive
POST01923,2025-06-30 02:00,2025-06,Facebook,e-commerce sale,"Decent e-commerce sale, does the job but support could be faster.",9,1,Neutral,Neutral
POST00089,2025-05-05 04:00,2025-05,YouTube,new movie release,"Just started using new movie release, will share my thoughts soon. 🤔",16,4,Neutral,Neutral
POST00042,2025-02-25 07:00,2025-02,Facebook,customer support,"Huge shoutout to the team behind customer support, amazing job! 🔥",6,4,Positive,Positive
POST01820,2025-01-23 04:00,2025-01,Instagram,food delivery app,"Mixed feelings about food delivery app, some parts great some not.",0,7,Neutral,Neutral
POST01954,2025-08-19 04:00,2025-08,Twitter,fitness tracker,"Decent fitness tracker, does the job but support could be faster.",22,0,Neutral,Neutral
POST00132,2025-06-01 07:00,2025-06,Instagram,airline service,Here's a quick overview of the new airline service update. 🤔,5,10,Neutral,Neutral
POST01848,2025-02-05 04:00,2025-02,Instagram,cloud gaming service,"Mixed feelings about cloud gaming service, some parts great some not.",6,1,Positive,Neutral
POST01001,2025-01-10 11:00,2025-01,Instagram,customer support,"The customer support broke down after just one week, very poor quality. 👎",19,1,Negative,Negative
POST01171,2025-06-14 06:00,2025-06,Instagram,airline service,"Absolutely loving the airline service, works flawlessly! #happy",1,29,Positive,Positive
POST01874,2025-06-13 15:00,2025-06,Facebook,customer support,Loved the customer support at first but the recent update is buggy.,1,0,Negative,Negative
POST01356,2025-01-02 12:00,2025-01,Instagram,cloud gaming service,"Huge shoutout to the team behind cloud gaming service, amazing job! 👍",3,30,Positive,Positive
POST01513,2025-11-22 08:00,2025-11,Facebook,laptop brand,"The laptop brand update ruined everything, please fix this asap. 👎",11,0,Negative,Negative
POST00165,2025-08-30 07:00,2025-08,YouTube,customer support,"Great value for money with customer support, totally worth it.",5,4,Positive,Positive
POST00725,2025-02-27 04:00,2025-02,Instagram,customer support,"Absolutely loving the customer support, works flawlessly! #happy 🔥",48,2,Positive,Positive
POST00291,2025-02-10 00:00,2025-02,Twitter,new movie release,"The new movie release exceeded my expectations, five stars from me. 🔥",7,8,Positive,Positive
POST01885,2025-12-23 13:00,2025-12,Twitter,customer support,Loved the customer support at first but the recent update is buggy.,18,14,Negative,Negative
POST01550,2025-10-27 13:00,2025-10,Facebook,streaming app,"Really impressed by how well streaming app performs, well done! 👍",51,1,Positive,Positive
POST01917,2025-11-16 13:00,2025-11,Facebook,online banking app,"Decent online banking app, does the job but support could be faster.",2,0,Neutral,Neutral
POST01114,2025-10-23 15:00,2025-10,Twitter,customer support,Why is customer support so slow today? Getting really annoyed. 👎,26,3,Negative,Negative
POST01506,2025-10-04 05:00,2025-10,Facebook,streaming app,Why is streaming app so slow today? Getting really annoyed.,8,9,Negative,Negative
POST00779,2025-11-30 06:00,2025-11,Facebook,new smartphone,"Super smooth experience with new smartphone today, very happy customer here.",12,4,Positive,Positive
POST00840,2025-05-11 15:00,2025-05,Instagram,customer support,Why is customer support so slow today? Getting really annoyed. 😡,13,5,Negative,Negative
POST00349,2025-10-26 11:00,2025-10,Instagram,food delivery app,"Just started using food delivery app, will share my thoughts soon. 🤔",11,1,Neutral,Neutral
POST01965,2025-02-15 20:00,2025-02,Twitter,airline service,"The airline service is okay I guess, nothing special but works.",1,10,Positive,Neutral
POST00572,2025-05-08 13:00,2025-05,Facebook,food delivery app,"The food delivery app broke down after just one week, very poor quality. 👎",0,21,Negative,Negative
POST00918,2025-05-26 20:00,2025-05,Facebook,fitness tracker,"Extremely poor service from fitness tracker, never again. 👎",3,1,Negative,Negative
POST00988,2025-04-30 06:00,2025-04,Twitter,new movie release,"Super smooth experience with new movie release today, very happy customer here. 🔥",10,30,Positive,Positive
POST01907,2025-01-24 01:00,2025-01,YouTube,new smartphone,"The new smartphone is fine, price is a bit high though.",17,1,Neutral,Neutral
POST02007,2025-03-26 06:00,2025-03,Facebook,e-commerce sale,"The e-commerce sale is fine, price is a bit high though.",17,1,Neutral,Neutral
POST01606,2025-07-20 05:00,2025-07,YouTube,laptop brand,"The laptop brand was launched today, here are the specifications. 🤔",28,6,Neutral,Neutral
POST01329,2025-10-17 23:00,2025-10,YouTube,cloud gaming service,"Just started using cloud gaming service, will share my thoughts soon. 🤔",31,0,Neutral,Neutral
POST01888,2025-05-06 02:00,2025-05,Twitter,streaming app,"Decent streaming app, does the job but support could be faster.",10,0,Neutral,Neutral
POST00137,2025-07-25 15:00,2025-07,Twitter,airline service,"The airline service was launched today, here are the specifications. 🤔",1,1,Neutral,Neutral
POST00459,2025-12-19 23:00,2025-12,Instagram,electric car,"Just tried the electric car and I'm impressed, great experience overall.",51,4,Positive,Positive
POST00376,2025-06-27 14:00,2025-06,Twitter,online banking app,"Terrible customer support for online banking app, waited hours for a reply.",1,2,Neutral,Negative
POST01354,2025-11-05 23:00,2025-11,YouTube,laptop brand,"Read an article about laptop brand today, fairly informative.",4,0,Neutral,Neutral
POST00334,2025-02-10 08:00,2025-02,Facebook,fitness tracker,Why is fitness tracker so slow today? Getting really annoyed. 👎,2,3,Negative,Negative
POST01318,2025-09-08 03:00,2025-09,Twitter,e-commerce sale,"Saw an ad for e-commerce sale today, might check it out later.",44,0,Neutral,Neutral
POST01170,2025-08-07 10:00,2025-08,Instagram,airline service,"Not happy at all with airline service, total waste of money. 👎",22,0,Negative,Negative
POST01778,2025-12-14 07:00,2025-12,Facebook,airline service,"Really impressed by how well airline service performs, well done! 😊",2,2,Positive,Positive
POST01472,2025-11-22 13:00,2025-11,YouTube,online banking app,"The online banking app update ruined everything, please fix this asap.",6,2,Negative,Negative
POST00817,2025-01-21 20:00,2025-01,Twitter,new movie release,"Super smooth experience with new movie release today, very happy customer here. 😊",10,2,Positive,Positive
POST01125,2025-03-09 19:00,2025-03,Facebook,online banking app,"The online banking app exceeded my expectations, five stars from me. 👍",27,13,Positive,Positive
POST02000,2025-04-21 11:00,2025-04,Instagram,new smartphone,"The new smartphone is fine, price is a bit high though.",33,0,Neutral,Neutral
POST01876,2025-07-16 13:00,2025-07,Instagram,streaming app,"Decent streaming app, does the job but support could be faster.",3,1,Neutral,Neutral
POST00987,2025-11-12 14:00,2025-11,Facebook,streaming app,"The customer service for streaming app was fantastic, quick and helpful. 🔥",41,1,Positive,Positive
POST01458,2025-12-24 11:00,2025-12,YouTube,e-commerce sale,"Can't stop recommending e-commerce sale to my friends, it's brilliant. 🔥",1,4,Positive,Positive
POST00911,2025-06-07 11:00,2025-06,YouTube,airline service,Comparing airline service with other options currently available.,7,0,Neutral,Neutral
POST01950,2025-12-08 18:00,2025-12,Twitter,food delivery app,"The food delivery app is fine, price is a bit high though.",41,1,Neutral,Neutral
POST01656,2025-08-07 23:00,2025-08,Twitter,food delivery app,"Great value for money with food delivery app, totally worth it. 👍",85,10,Positive,Positive
POST00329,2025-09-27 13:00,2025-09,YouTube,customer support,Comparing customer support with other options currently available. 🤔,8,4,Neutral,Neutral
POST01044,2025-11-09 21:00,2025-11,Facebook,streaming app,"Attended a webinar about streaming app, learned a few things. 🤔",19,6,Neutral,Neutral
POST00319,2025-11-29 08:00,2025-11,Facebook,customer support,Why is customer support so slow today? Getting really annoyed. 😡,5,2,Negative,Negative
POST01544,2025-08-21 12:00,2025-08,Twitter,food delivery app,"The food delivery app update ruined everything, please fix this asap.",1,1,Negative,Negative
POST01371,2025-03-10 10:00,2025-03,YouTube,new smartphone,"Not happy at all with new smartphone, total waste of money. 😞",8,0,Negative,Negative
POST01750,2025-02-08 17:00,2025-02,YouTube,electric car,The electric car has some new features this month.,7,2,Neutral,Neutral
POST00168,2025-06-02 18:00,2025-06,Facebook,new smartphone,"Feeling let down by new smartphone, it just doesn't work as promised.",4,6,Negative,Negative
POST00013,2025-12-26 21:00,2025-12,Facebook,cloud gaming service,"Just tried the cloud gaming service and I'm impressed, great experience overall.",2,9,Positive,Positive
POST01947,2025-06-28 13:00,2025-06,Instagram,streaming app,"Decent streaming app, does the job but support could be faster.",11,3,Neutral,Neutral
POST00172,2025-12-28 12:00,2025-12,YouTube,electric car,Comparing electric car with other options currently available. 🤔,0,0,Neutral,Neutral
POST00650,2025-03-06 01:00,2025-03,Instagram,food delivery app,"Can't stop recommending food delivery app to my friends, it's brilliant. 😊",9,4,Positive,Positive
POST01754,2025-08-03 04:00,2025-08,Instagram,e-commerce sale,Here's a quick overview of the new e-commerce sale update.,2,7,Neutral,Neutral
POST00261,2025-01-20 01:00,2025-01,YouTube,new movie release,"The new movie release broke down after just one week, very poor quality. 👎",9,1,Negative,Negative
POST01224,2025-05-30 06:00,2025-05,Twitter,electric car,"The electric car keeps crashing, so frustrating to deal with. 😡",3,0,Negative,Negative
POST01422,2025-08-26 04:00,2025-08,Facebook,airline service,"Great value for money with airline service, totally worth it. ❤️",26,4,Positive,Positive
POST00902,2025-02-22 03:00,2025-02,YouTube,streaming app,"Just tried the streaming app and I'm impressed, great experience overall. ❤️",36,13,Positive,Positive
POST00673,2025-12-16 00:00,2025-12,Twitter,fitness tracker,"Great value for money with fitness tracker, totally worth it. 🔥",57,0,Positive,Positive
POST00259,2025-08-15 20:00,2025-08,YouTube,airline service,The airline service has some new features this month.,1,1,Neutral,Neutral
POST00845,2025-12-15 12:00,2025-12,Facebook,e-commerce sale,"Huge shoutout to the team behind e-commerce sale, amazing job! ❤️",0,10,Positive,Positive
POST00868,2025-12-25 08:00,2025-12,Twitter,fitness tracker,"Huge shoutout to the team behind fitness tracker, amazing job! 👍",34,3,Positive,Positive
POST01205,2025-06-01 07:00,2025-06,Facebook,streaming app,"Just tried the streaming app and I'm impressed, great experience overall. 😊",39,3,Positive,Positive
POST00139,2025-11-07 19:00,2025-11,YouTube,airline service,"Feeling let down by airline service, it just doesn't work as promised. 😞",7,1,Negative,Negative
POST00894,2025-05-26 11:00,2025-05,Instagram,food delivery app,"The food delivery app broke down after just one week, very poor quality.",3,7,Negative,Negative
POST01856,2025-03-25 09:00,2025-03,YouTube,e-commerce sale,"Mixed feelings about e-commerce sale, some parts great some not.",1,10,Neutral,Neutral
POST00550,2025-12-20 00:00,2025-12,Facebook,e-commerce sale,The e-commerce sale has some new features this month. 🤔,18,4,Neutral,Neutral
POST00320,2025-09-13 16:00,2025-09,Instagram,new smartphone,"Can't stop recommending new smartphone to my friends, it's brilliant.",4,10,Positive,Positive
POST01541,2025-03-07 01:00,2025-03,Twitter,electric car,The electric car is scheduled for release next week. 🤔,17,0,Neutral,Neutral
POST01987,2025-10-02 07:00,2025-10,Instagram,online banking app,Loved the online banking app at first but the recent update is buggy.,2,5,Negative,Negative
POST01188,2025-10-31 18:00,2025-10,YouTube,electric car,Here's a quick overview of the new electric car update.,0,2,Neutral,Neutral
POST00559,2025-03-21 17:00,2025-03,Instagram,fitness tracker,Here's a quick overview of the new fitness tracker update.,4,0,Neutral,Neutral
POST00140,2025-08-19 14:00,2025-08,YouTube,fitness tracker,"The fitness tracker exceeded my expectations, five stars from me.",27,11,Positive,Positive
POST01857,2025-05-05 01:00,2025-05,Instagram,new movie release,"Decent new movie release, does the job but support could be faster.",20,4,Neutral,Neutral
POST00532,2025-04-22 13:00,2025-04,YouTube,airline service,"Huge shoutout to the team behind airline service, amazing job! ❤️",32,6,Positive,Positive
POST00225,2025-12-07 08:00,2025-12,Facebook,customer support,"Super smooth experience with customer support today, very happy customer here. 🔥",18,4,Positive,Positive
POST00724,2025-08-22 08:00,2025-08,YouTube,customer support,"Can't stop recommending customer support to my friends, it's brilliant. ❤️",28,0,Positive,Positive
POST00787,2025-10-01 00:00,2025-10,Twitter,cloud gaming service,"Feeling let down by cloud gaming service, it just doesn't work as promised. 😡",1,0,Negative,Negative
POST01737,2025-02-20 10:00,2025-02,Instagram,e-commerce sale,"The e-commerce sale was launched today, here are the specifications. 🤔",2,11,Neutral,Neutral
POST01019,2025-04-15 02:00,2025-04,Instagram,food delivery app,"Worst experience ever with food delivery app, would not recommend.",41,3,Negative,Negative
POST00410,2025-11-25 23:00,2025-11,Instagram,streaming app,"Can't stop recommending streaming app to my friends, it's brilliant. 👍",103,4,Positive,Positive
POST00326,2025-03-04 06:00,2025-03,Instagram,fitness tracker,"Best fitness tracker I've used so far, highly recommend it to everyone! 🔥",22,0,Positive,Positive
POST01191,2025-10-27 15:00,2025-10,YouTube,airline service,"Absolutely loving the airline service, works flawlessly! #happy ❤️",19,14,Positive,Positive
POST00300,2025-10-25 23:00,2025-10,Twitter,food delivery app,Here's a quick overview of the new food delivery app update. 🤔,0,0,Neutral,Neutral
POST01274,2025-02-09 00:00,2025-02,Twitter,electric car,"The electric car update ruined everything, please fix this asap.",5,1,Negative,Negative
POST01488,2025-10-20 20:00,2025-10,Twitter,streaming app,"Terrible customer support for streaming app, waited hours for a reply. 😡",67,0,Negative,Negative
POST00026,2025-05-15 16:00,2025-05,Twitter,new movie release,"Not sure yet what to think about new movie release, still testing it out. 🤔",17,0,Neutral,Neutral
POST01878,2025-10-25 22:00,2025-10,Twitter,customer support,Loved the customer support at first but the recent update is buggy.,18,4,Neutral,Negative
POST00715,2025-01-21 17:00,2025-01,Instagram,online banking app,"The online banking app update ruined everything, please fix this asap. 😞",4,2,Negative,Negative
POST01944,2025-02-11 09:00,2025-02,YouTube,online banking app,"The online banking app is okay I guess, nothing special but works.",6,9,Neutral,Neutral
POST00194,2025-02-16 09:00,2025-02,Instagram,laptop brand,"Super smooth experience with laptop brand today, very happy customer here. ❤️",15,31,Positive,Positive
POST00441,2025-04-05 17:00,2025-04,YouTube,streaming app,"Absolutely loving the streaming app, works flawlessly! #happy",4,16,Positive,Positive
POST00574,2025-07-25 02:00,2025-07,Twitter,food delivery app,"Great value for money with food delivery app, totally worth it. 👍",3,1,Positive,Positive
POST00947,2025-06-14 23:00,2025-06,Instagram,e-commerce sale,"The e-commerce sale was launched today, here are the specifications.",5,1,Neutral,Neutral
POST00998,2025-06-11 15:00,2025-06,Twitter,fitness tracker,"Attended a webinar about fitness tracker, learned a few things. 🤔",9,2,Neutral,Neutral
POST00504,2025-09-28 20:00,2025-09,YouTube,cloud gaming service,Here's a quick overview of the new cloud gaming service update.,20,5,Neutral,Neutral
POST00606,2025-07-18 08:00,2025-07,Facebook,e-commerce sale,"Not sure yet what to think about e-commerce sale, still testing it out. 🤔",4,5,Neutral,Neutral
POST01183,2025-02-27 04:00,2025-02,Instagram,new smartphone,"Great value for money with new smartphone, totally worth it. ❤️",16,2,Positive,Positive
POST01174,2025-10-25 01:00,2025-10,Instagram,new movie release,"Best new movie release I've used so far, highly recommend it to everyone! 😊",6,5,Positive,Positive
POST01805,2025-04-24 10:00,2025-04,Instagram,electric car,"Decent electric car, does the job but support could be faster.",3,2,Neutral,Neutral
POST00847,2025-10-23 11:00,2025-10,Facebook,online banking app,Comparing online banking app with other options currently available. 🤔,17,4,Neutral,Neutral
POST00004,2025-10-15 06:00,2025-10,Twitter,food delivery app,"Extremely poor service from food delivery app, never again.",0,14,Negative,Negative
POST01160,2025-02-24 20:00,2025-02,YouTube,electric car,"The electric car broke down after just one week, very poor quality.",8,2,Negative,Negative
POST01233,2025-10-04 05:00,2025-10,YouTube,laptop brand,"Read an article about laptop brand today, fairly informative.",13,10,Neutral,Neutral
POST00468,2025-02-14 05:00,2025-02,Instagram,airline service,"Can't stop recommending airline service to my friends, it's brilliant. ❤️",0,10,Positive,Positive
POST00006,2025-06-24 08:00,2025-06,YouTube,electric car,"Best electric car I've used so far, highly recommend it to everyone! 🔥",9,5,Positive,Positive
POST01387,2025-04-15 09:00,2025-04,Twitter,laptop brand,"Not sure yet what to think about laptop brand, still testing it out. 🤔",10,2,Neutral,Neutral
POST00548,2025-06-29 13:00,2025-06,YouTube,airline service,Here's a quick overview of the new airline service update. 🤔,8,3,Neutral,Neutral
POST00229,2025-01-27 09:00,2025-01,YouTube,cloud gaming service,"Attended a webinar about cloud gaming service, learned a few things.",9,3,Neutral,Neutral
POST00543,2025-07-16 02:00,2025-07,Instagram,airline service,"Just tried the airline service and I'm impressed, great experience overall. 😊",19,0,Positive,Positive
POST00243,2025-01-24 07:00,2025-01,Facebook,fitness tracker,"Can't stop recommending fitness tracker to my friends, it's brilliant.",39,1,Positive,Positive
POST00899,2025-05-19 14:00,2025-05,YouTube,e-commerce sale,Here's a quick overview of the new e-commerce sale update.,8,4,Positive,Neutral
POST01665,2025-04-08 00:00,2025-04,Instagram,food delivery app,"Absolutely loving the food delivery app, works flawlessly! #happy",26,0,Positive,Positive
POST01245,2025-07-09 12:00,2025-07,YouTube,electric car,"The electric car broke down after just one week, very poor quality. 😡",8,1,Negative,Negative
POST01095,2025-12-31 18:00,2025-12,Twitter,cloud gaming service,The cloud gaming service is scheduled for release next week. 🤔,25,2,Neutral,Neutral
POST00843,2025-07-29 11:00,2025-07,Facebook,electric car,"Just tried the electric car and I'm impressed, great experience overall. 🔥",78,0,Positive,Positive
POST01822,2025-08-12 02:00,2025-08,Twitter,new movie release,"Decent new movie release, does the job but support could be faster.",1,12,Neutral,Neutral
POST01165,2025-10-24 07:00,2025-10,Instagram,cloud gaming service,"The cloud gaming service was launched today, here are the specifications. 🤔",25,4,Neutral,Neutral
POST01990,2025-11-02 03:00,2025-11,YouTube,airline service,"The airline service is okay I guess, nothing special but works.",17,1,Neutral,Neutral
POST00662,2025-04-07 14:00,2025-04,Twitter,e-commerce sale,Why is e-commerce sale so slow today? Getting really annoyed.,1,0,Negative,Negative
POST01221,2025-03-26 08:00,2025-03,Twitter,airline service,"The airline service keeps crashing, so frustrating to deal with. 😞",8,0,Negative,Negative
POST00315,2025-01-16 04:00,2025-01,Instagram,fitness tracker,"Feeling let down by fitness tracker, it just doesn't work as promised.",21,0,Negative,Negative
POST00692,2025-09-29 09:00,2025-09,YouTube,cloud gaming service,Comparing cloud gaming service with other options currently available. 🤔,25,8,Neutral,Neutral
POST01518,2025-12-10 14:00,2025-12,Twitter,fitness tracker,"Just tried the fitness tracker and I'm impressed, great experience overall. 👍",4,17,Positive,Positive
POST00425,2025-05-04 07:00,2025-05,YouTube,streaming app,The streaming app has some new features this month. 🤔,0,2,Neutral,Neutral
POST00595,2025-03-08 06:00,2025-03,Instagram,new smartphone,"Not happy at all with new smartphone, total waste of money. 👎",12,4,Negative,Negative
POST01984,2025-01-15 19:00,2025-01,Instagram,new smartphone,"Mixed feelings about new smartphone, some parts great some not.",2,0,Neutral,Neutral
POST00623,2025-11-10 07:00,2025-11,Facebook,streaming app,"The customer service for streaming app was fantastic, quick and helpful. 😊",4,1,Positive,Positive
POST01893,2025-09-15 05:00,2025-09,Instagram,e-commerce sale,"The e-commerce sale is okay I guess, nothing special but works.",6,0,Neutral,Neutral
POST01803,2025-11-12 06:00,2025-11,Twitter,customer support,Loved the customer support at first but the recent update is buggy.,4,9,Negative,Negative
POST00228,2025-12-10 03:00,2025-12,Facebook,e-commerce sale,"Can't stop recommending e-commerce sale to my friends, it's brilliant. 👍",4,8,Positive,Positive
POST01561,2025-10-12 03:00,2025-10,Twitter,laptop brand,"Best laptop brand I've used so far, highly recommend it to everyone! 👍",7,22,Positive,Positive
POST01343,2025-07-29 08:00,2025-07,YouTube,online banking app,"The customer service for online banking app was fantastic, quick and helpful. 😊",4,10,Positive,Positive
POST01108,2025-10-12 12:00,2025-10,Instagram,streaming app,"Super smooth experience with streaming app today, very happy customer here. ❤️",36,7,Positive,Positive
POST00067,2025-07-03 06:00,2025-07,Twitter,laptop brand,"Saw an ad for laptop brand today, might check it out later. 🤔",18,4,Neutral,Neutral
POST00025,2025-02-27 09:00,2025-02,Facebook,cloud gaming service,"Can't stop recommending cloud gaming service to my friends, it's brilliant. 🔥",42,9,Positive,Positive
POST00145,2025-05-28 22:00,2025-05,Instagram,new smartphone,"Terrible customer support for new smartphone, waited hours for a reply.",1,0,Negative,Negative
POST00537,2025-02-17 20:00,2025-02,Facebook,streaming app,"Super smooth experience with streaming app today, very happy customer here. 👍",19,16,Positive,Positive
POST00812,2025-09-15 00:00,2025-09,Facebook,customer support,"Huge shoutout to the team behind customer support, amazing job!",81,3,Positive,Positive
POST01636,2025-08-08 03:00,2025-08,YouTube,food delivery app,"Huge shoutout to the team behind food delivery app, amazing job! 🔥",84,1,Positive,Positive
POST00086,2025-12-11 09:00,2025-12,Instagram,airline service,Why is airline service so slow today? Getting really annoyed. 😞,33,4,Negative,Negative
POST01194,2025-06-21 04:00,2025-06,Instagram,online banking app,"Really disappointed with online banking app, expected way better. 😡",7,7,Negative,Negative
POST01079,2025-10-21 07:00,2025-10,Facebook,electric car,"Best electric car I've used so far, highly recommend it to everyone! 😊",6,1,Positive,Positive
POST01823,2025-03-27 19:00,2025-03,Twitter,customer support,"Mixed feelings about customer support, some parts great some not.",0,0,Neutral,Neutral
POST01836,2025-12-28 17:00,2025-12,Twitter,laptop brand,"Decent laptop brand, does the job but support could be faster.",11,1,Neutral,Neutral
POST01385,2025-01-21 14:00,2025-01,YouTube,airline service,"The airline service broke down after just one week, very poor quality.",5,1,Negative,Negative
POST01669,2025-05-11 23:00,2025-05,YouTube,food delivery app,Here's a quick overview of the new food delivery app update.,1,5,Neutral,Neutral
POST00363,2025-05-16 20:00,2025-05,YouTube,e-commerce sale,"Feeling let down by e-commerce sale, it just doesn't work as promised. 😞",2,18,Negative,Negative
POST01626,2025-10-01 23:00,2025-10,Twitter,online banking app,"Not happy at all with online banking app, total waste of money. 😞",11,4,Negative,Negative
POST01889,2025-03-18 05:00,2025-03,YouTube,e-commerce sale,"The e-commerce sale is okay I guess, nothing special but works.",10,16,Neutral,Neutral
POST01027,2025-02-16 23:00,2025-02,YouTube,new movie release,"Really impressed by how well new movie release performs, well done! 😊",72,10,Positive,Positive
POST01031,2025-12-28 14:00,2025-12,Twitter,airline service,"The airline service broke down after just one week, very poor quality. 😡",37,2,Negative,Negative
POST01941,2025-08-31 06:00,2025-08,YouTube,laptop brand,"The laptop brand is okay I guess, nothing special but works.",2,2,Neutral,Neutral
POST01367,2025-08-09 06:00,2025-08,Instagram,customer support,"The customer service for customer support was fantastic, quick and helpful. 🔥",0,7,Positive,Positive
POST01081,2025-12-12 01:00,2025-12,YouTube,new smartphone,"The new smartphone keeps crashing, so frustrating to deal with.",6,3,Negative,Negative
POST00666,2025-08-22 01:00,2025-08,Twitter,food delivery app,"The food delivery app broke down after just one week, very poor quality. 😞",37,0,Negative,Negative
POST00365,2025-03-17 21:00,2025-03,YouTube,cloud gaming service,Why is cloud gaming service so slow today? Getting really annoyed. 😡,8,1,Negative,Negative
POST00078,2025-07-06 13:00,2025-07,Instagram,fitness tracker,"The fitness tracker keeps crashing, so frustrating to deal with. 👎",10,2,Negative,Negative
POST00028,2025-03-24 17:00,2025-03,Facebook,streaming app,"Extremely poor service from streaming app, never again. 😡",4,0,Negative,Negative
POST01449,2025-02-13 08:00,2025-02,Instagram,online banking app,"The online banking app broke down after just one week, very poor quality.",5,6,Negative,Negative
POST00526,2025-01-31 08:00,2025-01,YouTube,streaming app,"Best streaming app I've used so far, highly recommend it to everyone! 🔥",0,8,Positive,Positive
POST01853,2025-11-18 19:00,2025-11,Instagram,online banking app,"The online banking app is okay I guess, nothing special but works.",3,0,Neutral,Neutral
POST00056,2025-09-17 08:00,2025-09,Instagram,airline service,"Not sure yet what to think about airline service, still testing it out.",4,0,Neutral,Neutral
POST00639,2025-01-14 06:00,2025-01,Twitter,food delivery app,"Worst experience ever with food delivery app, would not recommend. 👎",15,8,Negative,Negative
POST00303,2025-01-19 09:00,2025-01,YouTube,electric car,"Saw an ad for electric car today, might check it out later. 🤔",5,1,Neutral,Neutral
POST00719,2025-08-26 01:00,2025-08,Facebook,online banking app,"Just tried the online banking app and I'm impressed, great experience overall. 🔥",6,1,Positive,Positive
POST00625,2025-03-27 20:00,2025-03,Facebook,laptop brand,"The laptop brand keeps crashing, so frustrating to deal with. 👎",22,5,Negative,Negative
POST00008,2025-01-23 23:00,2025-01,Facebook,laptop brand,"Great value for money with laptop brand, totally worth it.",8,3,Positive,Positive
POST00804,2025-04-24 22:00,2025-04,Instagram,laptop brand,"Not happy at all with laptop brand, total waste of money. 👎",13,0,Negative,Negative
POST01050,2025-05-13 16:00,2025-05,Facebook,customer support,"Feeling let down by customer support, it just doesn't work as promised. 👎",18,2,Negative,Negative
POST00337,2025-01-15 02:00,2025-01,Twitter,e-commerce sale,"Absolutely loving the e-commerce sale, works flawlessly! #happy",16,2,Positive,Positive
POST00048,2025-03-21 06:00,2025-03,YouTube,customer support,"The customer support exceeded my expectations, five stars from me. 🔥",17,2,Positive,Positive
POST01494,2025-01-13 16:00,2025-01,YouTube,streaming app,"The streaming app broke down after just one week, very poor quality.",2,2,Negative,Negative
POST00107,2025-06-17 10:00,2025-06,YouTube,food delivery app,"Can't stop recommending food delivery app to my friends, it's brilliant. 👍",7,6,Positive,Positive
POST00350,2025-11-02 20:00,2025-11,YouTube,online banking app,"Great value for money with online banking app, totally worth it. 👍",51,0,Positive,Positive
POST01080,2025-10-04 14:00,2025-10,Facebook,online banking app,"Just started using online banking app, will share my thoughts soon. 🤔",11,3,Neutral,Neutral
POST00239,2025-11-13 01:00,2025-11,Instagram,streaming app,"Just tried the streaming app and I'm impressed, great experience overall. 👍",66,14,Positive,Positive
POST00214,2025-10-29 10:00,2025-10,Instagram,laptop brand,"Absolutely loving the laptop brand, works flawlessly! #happy 🔥",0,3,Positive,Positive
POST01264,2025-10-06 10:00,2025-10,Instagram,e-commerce sale,Here's a quick overview of the new e-commerce sale update.,2,0,Neutral,Neutral
POST01964,2025-12-26 19:00,2025-12,Facebook,cloud gaming service,"Mixed feelings about cloud gaming service, some parts great some not.",2,0,Neutral,Neutral
POST00794,2025-10-03 17:00,2025-10,YouTube,e-commerce sale,"The e-commerce sale was launched today, here are the specifications.",20,7,Neutral,Neutral
POST01097,2025-07-27 02:00,2025-07,Facebook,streaming app,"Attended a webinar about streaming app, learned a few things. 🤔",2,0,Neutral,Neutral
POST01190,2025-07-31 06:00,2025-07,Instagram,airline service,"Not happy at all with airline service, total waste of money. 😞",18,7,Negative,Negative
POST01133,2025-08-31 08:00,2025-08,YouTube,customer support,"Not sure yet what to think about customer support, still testing it out.",22,1,Positive,Neutral
POST01597,2025-08-06 21:00,2025-08,YouTube,food delivery app,"Not happy at all with food delivery app, total waste of money. 👎",4,0,Negative,Negative
POST02002,2025-05-18 08:00,2025-05,Instagram,airline service,Loved the airline service at first but the recent update is buggy.,3,6,Negative,Negative
POST00524,2025-11-02 17:00,2025-11,Facebook,fitness tracker,"Worst experience ever with fitness tracker, would not recommend. 👎",10,0,Negative,Negative
POST00233,2025-11-08 21:00,2025-11,Twitter,fitness tracker,"The fitness tracker exceeded my expectations, five stars from me. 😊",21,1,Positive,Positive
POST00645,2025-10-05 13:00,2025-10,Facebook,cloud gaming service,"Feeling let down by cloud gaming service, it just doesn't work as promised. 😞",11,4,Negative,Negative
POST01522,2025-04-24 07:00,2025-04,Facebook,airline service,"Great value for money with airline service, totally worth it. 👍",6,18,Positive,Positive
POST00534,2025-06-25 21:00,2025-06,YouTube,streaming app,"Just started using streaming app, will share my thoughts soon. 🤔",2,1,Neutral,Neutral
POST01880,2025-04-15 00:00,2025-04,Twitter,laptop brand,Loved the laptop brand at first but the recent update is buggy.,3,4,Negative,Negative
POST00604,2025-11-19 17:00,2025-11,Instagram,food delivery app,"Absolutely loving the food delivery app, works flawlessly! #happy ❤️",26,11,Positive,Positive
POST01685,2025-02-10 09:00,2025-02,Instagram,cloud gaming service,"Just tried the cloud gaming service and I'm impressed, great experience overall. ❤️",2,4,Positive,Positive
POST01075,2025-05-22 17:00,2025-05,Facebook,food delivery app,"Super smooth experience with food delivery app today, very happy customer here. ❤️",0,1,Positive,Positive
POST01316,2025-05-17 00:00,2025-05,YouTube,fitness tracker,"Great value for money with fitness tracker, totally worth it.",27,7,Positive,Positive
POST00061,2025-06-25 06:00,2025-06,Instagram,e-commerce sale,"The e-commerce sale exceeded my expectations, five stars from me.",3,20,Positive,Positive
POST01275,2025-02-25 01:00,2025-02,Instagram,new smartphone,"Read an article about new smartphone today, fairly informative. 🤔",4,0,Negative,Neutral
POST00093,2025-03-23 23:00,2025-03,YouTube,fitness tracker,The fitness tracker is scheduled for release next week.,12,4,Neutral,Neutral
POST00667,2025-08-26 16:00,2025-08,Facebook,online banking app,"Can't stop recommending online banking app to my friends, it's brilliant. 😊",8,2,Positive,Positive
POST00281,2025-04-10 11:00,2025-04,YouTube,online banking app,"The customer service for online banking app was fantastic, quick and helpful. ❤️",27,1,Positive,Positive
POST01736,2025-11-27 22:00,2025-11,YouTube,customer support,"Can't stop recommending customer support to my friends, it's brilliant. 👍",40,4,Positive,Positive
POST00360,2025-09-17 16:00,2025-09,Facebook,e-commerce sale,"Extremely poor service from e-commerce sale, never again.",2,11,Negative,Negative
POST01139,2025-07-30 03:00,2025-07,Twitter,airline service,"Read an article about airline service today, fairly informative. 🤔",10,1,Neutral,Neutral
POST01180,2025-06-28 13:00,2025-06,Facebook,airline service,"Absolutely loving the airline service, works flawlessly! #happy",28,0,Positive,Positive
POST00848,2025-04-28 14:00,2025-04,Twitter,cloud gaming service,"Not sure yet what to think about cloud gaming service, still testing it out. 🤔",22,3,Neutral,Neutral
POST01390,2025-09-13 21:00,2025-09,Instagram,airline service,"Just tried the airline service and I'm impressed, great experience overall. 👍",9,0,Positive,Positive
POST00111,2025-12-09 03:00,2025-12,YouTube,streaming app,"The customer service for streaming app was fantastic, quick and helpful. 🔥",35,0,Neutral,Positive
POST00043,2025-03-13 13:00,2025-03,YouTube,fitness tracker,"Not sure yet what to think about fitness tracker, still testing it out.",23,0,Neutral,Neutral
POST00126,2025-08-18 00:00,2025-08,YouTube,cloud gaming service,"Just tried the cloud gaming service and I'm impressed, great experience overall. 👍",46,0,Positive,Positive
POST00205,2025-08-01 20:00,2025-08,Instagram,e-commerce sale,"The e-commerce sale keeps crashing, so frustrating to deal with.",1,8,Negative,Negative
POST00053,2025-05-14 06:00,2025-05,Facebook,customer support,"The customer support broke down after just one week, very poor quality. 😞",17,1,Negative,Negative
POST00546,2025-08-14 11:00,2025-08,Instagram,e-commerce sale,"Huge shoutout to the team behind e-commerce sale, amazing job! 🔥",12,1,Positive,Positive
POST00069,2025-07-31 00:00,2025-07,Instagram,streaming app,"Worst experience ever with streaming app, would not recommend. 👎",0,0,Negative,Negative
POST01147,2025-05-13 08:00,2025-05,Twitter,laptop brand,"Not sure yet what to think about laptop brand, still testing it out.",31,1,Neutral,Neutral
POST01562,2025-11-20 18:00,2025-11,Instagram,new movie release,"Super smooth experience with new movie release today, very happy customer here. 😊",37,3,Positive,Positive
POST00184,2025-04-29 14:00,2025-04,Instagram,new movie release,The new movie release has some new features this month.,8,7,Neutral,Neutral
POST00138,2025-10-16 09:00,2025-10,Instagram,streaming app,"The streaming app was launched today, here are the specifications. 🤔",36,3,Neutral,Neutral
POST00900,2025-04-05 00:00,2025-04,Instagram,customer support,"Best customer support I've used so far, highly recommend it to everyone! 🔥",37,11,Positive,Positive
POST00797,2025-12-10 18:00,2025-12,Instagram,airline service,"Really disappointed with airline service, expected way better.",13,1,Negative,Negative
POST00133,2025-12-29 17:00,2025-12,Twitter,online banking app,"Not sure yet what to think about online banking app, still testing it out.",6,5,Neutral,Neutral
POST00081,2025-08-04 21:00,2025-08,Instagram,streaming app,Comparing streaming app with other options currently available. 🤔,36,9,Neutral,Neutral
POST01654,2025-04-09 01:00,2025-04,Twitter,new movie release,"Not sure yet what to think about new movie release, still testing it out. 🤔",9,0,Neutral,Neutral
POST01555,2025-12-08 15:00,2025-12,Instagram,laptop brand,"The laptop brand update ruined everything, please fix this asap. 👎",21,7,Negative,Negative
POST00542,2025-03-03 13:00,2025-03,Facebook,new smartphone,"Not sure yet what to think about new smartphone, still testing it out.",2,4,Neutral,Neutral
POST01610,2025-01-04 04:00,2025-01,Instagram,online banking app,"Great value for money with online banking app, totally worth it. 😊",9,5,Positive,Positive
POST00984,2025-05-17 13:00,2025-05,Twitter,food delivery app,Here's a quick overview of the new food delivery app update. 🤔,21,4,Neutral,Neutral
POST00166,2025-04-08 19:00,2025-04,YouTube,streaming app,"Really impressed by how well streaming app performs, well done! 🔥",21,0,Positive,Positive
POST00249,2025-12-30 20:00,2025-12,YouTube,e-commerce sale,"Can't stop recommending e-commerce sale to my friends, it's brilliant. 👍",57,3,Positive,Positive
POST00447,2025-04-02 03:00,2025-04,YouTube,new smartphone,"Just tried the new smartphone and I'm impressed, great experience overall.",0,2,Positive,Positive
POST01757,2025-07-05 10:00,2025-07,Twitter,laptop brand,The laptop brand has some new features this month. 🤔,4,0,Neutral,Neutral
POST00859,2025-02-16 17:00,2025-02,Twitter,electric car,"The electric car exceeded my expectations, five stars from me.",25,30,Neutral,Positive
POST01222,2025-04-15 16:00,2025-04,Instagram,new movie release,"Absolutely loving the new movie release, works flawlessly! #happy 👍",20,4,Positive,Positive
POST00098,2025-07-28 10:00,2025-07,YouTube,airline service,"Really impressed by how well airline service performs, well done! ❤️",43,3,Positive,Positive
POST01994,2025-04-18 21:00,2025-04,Twitter,new movie release,"The new movie release is okay I guess, nothing special but works.",3,6,Neutral,Neutral
POST00738,2025-10-13 17:00,2025-10,Twitter,customer support,"Just started using customer support, will share my thoughts soon. 🤔",0,13,Neutral,Neutral
POST01812,2025-06-05 03:00,2025-06,Facebook,laptop brand,"Mixed feelings about laptop brand, some parts great some not.",36,2,Neutral,Neutral
POST00103,2025-07-19 10:00,2025-07,Twitter,new movie release,"Not happy at all with new movie release, total waste of money. 😞",4,6,Negative,Negative
POST00435,2025-08-29 10:00,2025-08,Twitter,new movie release,"Huge shoutout to the team behind new movie release, amazing job! 👍",19,9,Positive,Positive
POST00075,2025-01-20 03:00,2025-01,Facebook,e-commerce sale,"The customer service for e-commerce sale was fantastic, quick and helpful. ❤️",11,2,Positive,Positive
POST01810,2025-08-30 08:00,2025-08,Facebook,food delivery app,"Decent food delivery app, does the job but support could be faster.",6,1,Neutral,Neutral
POST01212,2025-07-07 14:00,2025-07,YouTube,airline service,"The customer service for airline service was fantastic, quick and helpful. 😊",2,5,Positive,Positive
POST00919,2025-02-05 05:00,2025-02,Instagram,customer support,"Not sure yet what to think about customer support, still testing it out.",4,2,Neutral,Neutral
POST01728,2025-03-02 16:00,2025-03,Twitter,streaming app,Here's a quick overview of the new streaming app update.,1,10,Neutral,Neutral
POST01687,2025-12-11 03:00,2025-12,YouTube,new movie release,"Really disappointed with new movie release, expected way better. 😡",5,10,Negative,Negative
POST01691,2025-06-11 07:00,2025-06,Facebook,laptop brand,"The laptop brand broke down after just one week, very poor quality.",16,2,Negative,Negative
POST00763,2025-08-02 21:00,2025-08,YouTube,customer support,Here's a quick overview of the new customer support update. 🤔,4,2,Neutral,Neutral
POST00990,2025-05-28 00:00,2025-05,Instagram,e-commerce sale,"The e-commerce sale broke down after just one week, very poor quality. 😡",35,2,Negative,Negative
POST00389,2025-11-28 08:00,2025-11,YouTube,streaming app,"Best streaming app I've used so far, highly recommend it to everyone! 😊",42,14,Positive,Positive
POST00236,2025-02-16 23:00,2025-02,Twitter,streaming app,"Read an article about streaming app today, fairly informative. 🤔",4,6,Neutral,Neutral
POST01765,2025-12-29 07:00,2025-12,Facebook,new smartphone,"The customer service for new smartphone was fantastic, quick and helpful. ❤️",0,11,Positive,Positive
POST00268,2025-11-20 20:00,2025-11,Twitter,cloud gaming service,"Super smooth experience with cloud gaming service today, very happy customer here. 😊",21,7,Positive,Positive
POST01321,2025-01-25 09:00,2025-01,Facebook,online banking app,"Feeling let down by online banking app, it just doesn't work as promised.",5,0,Negative,Negative
POST00118,2025-11-22 14:00,2025-11,Facebook,customer support,"Not sure yet what to think about customer support, still testing it out.",12,0,Neutral,Neutral
POST01621,2025-07-24 06:00,2025-07,Facebook,customer support,"Not happy at all with customer support, total waste of money. 😡",19,0,Negative,Negative
POST00674,2025-11-04 00:00,2025-11,Instagram,cloud gaming service,Why is cloud gaming service so slow today? Getting really annoyed. 👎,39,3,Negative,Negative
POST00250,2025-01-11 10:00,2025-01,YouTube,airline service,"Worst experience ever with airline service, would not recommend.",28,3,Negative,Negative
POST01466,2025-05-26 21:00,2025-05,Facebook,laptop brand,"Attended a webinar about laptop brand, learned a few things. 🤔",4,0,Neutral,Neutral
POST02015,2025-12-03 11:00,2025-12,Instagram,airline service,Loved the airline service at first but the recent update is buggy.,4,3,Negative,Negative
POST00095,2025-05-21 14:00,2025-05,Instagram,cloud gaming service,"Just tried the cloud gaming service and I'm impressed, great experience overall. 👍",2,6,Positive,Positive
POST00034,2025-03-03 07:00,2025-03,YouTube,fitness tracker,"Huge shoutout to the team behind fitness tracker, amazing job! 😊",0,8,Positive,Positive
POST01478,2025-07-10 09:00,2025-07,Twitter,streaming app,"The streaming app broke down after just one week, very poor quality. 👎",7,10,Positive,Negative
POST01684,2025-07-29 14:00,2025-07,Facebook,food delivery app,"Feeling let down by food delivery app, it just doesn't work as promised. 😡",2,6,Negative,Negative
POST00449,2025-07-23 02:00,2025-07,Facebook,laptop brand,Here's a quick overview of the new laptop brand update.,6,1,Neutral,Neutral
POST00717,2025-02-26 18:00,2025-02,Twitter,cloud gaming service,"The cloud gaming service update ruined everything, please fix this asap. 😞",21,1,Negative,Negative
POST01306,2025-07-19 15:00,2025-07,Facebook,streaming app,"Just tried the streaming app and I'm impressed, great experience overall.",32,3,Positive,Positive
POST01532,2025-09-30 14:00,2025-09,YouTube,online banking app,"Super smooth experience with online banking app today, very happy customer here. 😊",13,8,Positive,Positive
POST00001,2025-01-13 23:00,2025-01,Twitter,cloud gaming service,"The cloud gaming service exceeded my expectations, five stars from me. 🔥",75,10,Positive,Positive
POST01388,2025-10-16 21:00,2025-10,Facebook,electric car,"The customer service for electric car was fantastic, quick and helpful. 🔥",19,3,Positive,Positive
POST01102,2025-08-11 22:00,2025-08,Facebook,e-commerce sale,"Super smooth experience with e-commerce sale today, very happy customer here. 😊",6,3,Positive,Positive
POST01109,2025-12-10 04:00,2025-12,Facebook,streaming app,"Not sure yet what to think about streaming app, still testing it out. 🤔",16,6,Neutral,Neutral
POST01269,2025-02-09 03:00,2025-02,YouTube,customer support,"Best customer support I've used so far, highly recommend it to everyone! 😊",87,4,Positive,Positive
POST00083,2025-08-09 18:00,2025-08,Instagram,online banking app,"Feeling let down by online banking app, it just doesn't work as promised. 👎",40,13,Negative,Negative
POST01300,2025-11-15 19:00,2025-11,Facebook,streaming app,"The streaming app was launched today, here are the specifications. 🤔",9,7,Neutral,Neutral
POST00677,2025-10-27 03:00,2025-10,YouTube,online banking app,"Absolutely loving the online banking app, works flawlessly! #happy",26,1,Positive,Positive
POST01464,2025-11-30 03:00,2025-11,Twitter,airline service,"Great value for money with airline service, totally worth it. 👍",5,6,Positive,Positive
POST01047,2025-03-10 03:00,2025-03,YouTube,online banking app,"Terrible customer support for online banking app, waited hours for a reply. 👎",0,1,Negative,Negative
POST00771,2025-02-07 22:00,2025-02,Facebook,new movie release,"The new movie release broke down after just one week, very poor quality. 😞",24,2,Negative,Negative
POST01226,2025-08-23 09:00,2025-08,YouTube,new movie release,"The customer service for new movie release was fantastic, quick and helpful. 🔥",4,3,Positive,Positive
POST01418,2025-12-20 21:00,2025-12,Facebook,online banking app,"Can't stop recommending online banking app to my friends, it's brilliant. 👍",10,5,Positive,Positive
POST01595,2025-03-13 18:00,2025-03,Facebook,new smartphone,"Worst experience ever with new smartphone, would not recommend. 👎",4,2,Negative,Negative
POST01503,2025-01-15 13:00,2025-01,YouTube,airline service,"Saw an ad for airline service today, might check it out later. 🤔",0,3,Neutral,Neutral
POST00405,2025-03-09 16:00,2025-03,YouTube,new smartphone,"Can't stop recommending new smartphone to my friends, it's brilliant. ❤️",39,9,Positive,Positive
POST01745,2025-09-23 09:00,2025-09,Twitter,online banking app,"Extremely poor service from online banking app, never again.",6,2,Negative,Negative
POST01310,2025-01-15 18:00,2025-01,Twitter,laptop brand,"Really disappointed with laptop brand, expected way better. 😞",13,0,Negative,Negative
POST01352,2025-09-09 15:00,2025-09,Twitter,online banking app,"Not happy at all with online banking app, total waste of money. 👎",18,0,Negative,Negative
POST00105,2025-02-12 20:00,2025-02,Twitter,e-commerce sale,"Can't stop recommending e-commerce sale to my friends, it's brilliant. 🔥",82,14,Positive,Positive
POST00689,2025-05-14 18:00,2025-05,Facebook,laptop brand,"The laptop brand exceeded my expectations, five stars from me. ❤️",38,1,Negative,Positive
POST01317,2025-07-13 18:00,2025-07,Facebook,new smartphone,"Can't stop recommending new smartphone to my friends, it's brilliant. 👍",6,0,Positive,Positive
POST00827,2025-10-21 18:00,2025-10,Instagram,new smartphone,"Best new smartphone I've used so far, highly recommend it to everyone! 🔥",39,2,Positive,Positive
POST00063,2025-06-20 04:00,2025-06,Twitter,new smartphone,The new smartphone has some new features this month. 🤔,9,3,Neutral,Neutral
POST00853,2025-12-31 19:00,2025-12,Facebook,e-commerce sale,"Really disappointed with e-commerce sale, expected way better. 😞",4,0,Negative,Negative
POST01365,2025-12-11 15:00,2025-12,YouTube,customer support,"The customer support keeps crashing, so frustrating to deal with. 😞",31,1,Negative,Negative
POST00224,2025-07-24 13:00,2025-07,YouTube,laptop brand,"Just tried the laptop brand and I'm impressed, great experience overall. 👍",4,18,Positive,Positive
POST00146,2025-05-16 20:00,2025-05,Instagram,airline service,"Feeling let down by airline service, it just doesn't work as promised. 😞",0,6,Negative,Negative
POST01089,2025-08-25 05:00,2025-08,YouTube,laptop brand,The laptop brand has some new features this month.,0,2,Negative,Neutral
POST00374,2025-05-28 03:00,2025-05,Facebook,electric car,"The customer service for electric car was fantastic, quick and helpful.",54,24,Positive,Positive
POST01433,2025-11-05 22:00,2025-11,Facebook,e-commerce sale,"Great value for money with e-commerce sale, totally worth it. 🔥",4,4,Positive,Positive
POST01143,2025-07-12 21:00,2025-07,Instagram,airline service,"Feeling let down by airline service, it just doesn't work as promised. 😞",11,7,Negative,Negative
POST01845,2025-04-05 05:00,2025-04,YouTube,streaming app,"Mixed feelings about streaming app, some parts great some not.",9,9,Neutral,Neutral
POST01962,2025-04-01 17:00,2025-04,Facebook,customer support,"Mixed feelings about customer support, some parts great some not.",15,0,Neutral,Neutral
POST01616,2025-12-24 01:00,2025-12,YouTube,airline service,"Huge shoutout to the team behind airline service, amazing job! 🔥",73,1,Positive,Positive
POST01282,2025-02-20 06:00,2025-02,Twitter,streaming app,"Extremely poor service from streaming app, never again.",2,4,Negative,Negative
POST00010,2025-12-27 02:00,2025-12,Instagram,e-commerce sale,"Really disappointed with e-commerce sale, expected way better. 😞",10,0,Negative,Negative
POST00450,2025-12-23 07:00,2025-12,Instagram,new movie release,"The new movie release exceeded my expectations, five stars from me. 😊",109,0,Positive,Positive
POST00709,2025-08-02 14:00,2025-08,Twitter,new smartphone,Comparing new smartphone with other options currently available. 🤔,13,4,Neutral,Neutral
POST00256,2025-11-05 04:00,2025-11,Instagram,food delivery app,"The food delivery app keeps crashing, so frustrating to deal with. 😞",17,8,Negative,Negative
POST00883,2025-09-13 13:00,2025-09,Instagram,laptop brand,"Saw an ad for laptop brand today, might check it out later.",8,2,Neutral,Neutral
POST00390,2025-06-01 18:00,2025-06,Facebook,electric car,Why is electric car so slow today? Getting really annoyed. 😞,0,1,Negative,Negative
POST00909,2025-11-20 23:00,2025-11,YouTube,e-commerce sale,"The customer service for e-commerce sale was fantastic, quick and helpful. ❤️",9,0,Positive,Positive
POST00925,2025-08-26 22:00,2025-08,Facebook,new movie release,"Just started using new movie release, will share my thoughts soon.",7,3,Neutral,Neutral
POST01720,2025-06-22 13:00,2025-06,YouTube,fitness tracker,The fitness tracker is scheduled for release next week.,7,1,Neutral,Neutral
POST01243,2025-09-09 10:00,2025-09,Instagram,customer support,"The customer service for customer support was fantastic, quick and helpful.",2,1,Positive,Positive
POST00461,2025-11-06 19:00,2025-11,Facebook,airline service,"The customer service for airline service was fantastic, quick and helpful. ❤️",12,27,Positive,Positive
POST01281,2025-09-28 06:00,2025-09,Twitter,e-commerce sale,Why is e-commerce sale so slow today? Getting really annoyed. 👎,0,2,Negative,Negative
POST01717,2025-09-11 09:00,2025-09,Instagram,cloud gaming service,"Not happy at all with cloud gaming service, total waste of money. 😡",1,1,Negative,Negative
POST01169,2025-02-24 03:00,2025-02,Twitter,e-commerce sale,The e-commerce sale is scheduled for release next week. 🤔,11,14,Neutral,Neutral
POST00959,2025-02-24 20:00,2025-02,YouTube,fitness tracker,"Attended a webinar about fitness tracker, learned a few things.",7,2,Neutral,Neutral
POST00502,2025-10-23 03:00,2025-10,Twitter,electric car,"Really impressed by how well electric car performs, well done! 🔥",11,4,Positive,Positive
POST00740,2025-01-28 07:00,2025-01,Facebook,laptop brand,"Great value for money with laptop brand, totally worth it. 👍",51,0,Positive,Positive
POST01869,2025-09-13 21:00,2025-09,Facebook,airline service,"Decent airline service, does the job but support could be faster.",1,8,Neutral,Neutral
POST00869,2025-12-11 23:00,2025-12,YouTube,airline service,"Super smooth experience with airline service today, very happy customer here. 😊",17,0,Positive,Positive
POST00732,2025-01-06 20:00,2025-01,Twitter,fitness tracker,"Worst experience ever with fitness tracker, would not recommend.",1,2,Negative,Negative
POST00540,2025-01-01 06:00,2025-01,Twitter,electric car,"The electric car update ruined everything, please fix this asap. 😡",9,5,Negative,Negative
POST01202,2025-08-06 16:00,2025-08,Twitter,electric car,"Can't stop recommending electric car to my friends, it's brilliant. ❤️",6,1,Positive,Positive
POST00698,2025-09-02 12:00,2025-09,YouTube,customer support,"Just started using customer support, will share my thoughts soon. 🤔",2,2,Neutral,Neutral
POST01405,2025-11-28 21:00,2025-11,Instagram,new movie release,"Worst experience ever with new movie release, would not recommend.",3,4,Negative,Negative
POST01623,2025-09-06 14:00,2025-09,YouTube,cloud gaming service,"Just tried the cloud gaming service and I'm impressed, great experience overall. 😊",4,7,Positive,Positive
POST01146,2025-05-22 01:00,2025-05,Twitter,streaming app,"Can't stop recommending streaming app to my friends, it's brilliant. ❤️",6,7,Positive,Positive
POST01032,2025-09-19 19:00,2025-09,YouTube,fitness tracker,"Not sure yet what to think about fitness tracker, still testing it out.",2,4,Neutral,Neutral
POST00373,2025-06-12 15:00,2025-06,YouTube,electric car,"Super smooth experience with electric car today, very happy customer here.",52,2,Positive,Positive
POST00668,2025-05-04 11:00,2025-05,Twitter,cloud gaming service,"Great value for money with cloud gaming service, totally worth it.",59,2,Positive,Positive
POST01607,2025-09-02 23:00,2025-09,YouTube,fitness tracker,"The fitness tracker was launched today, here are the specifications.",2,1,Neutral,Neutral
POST00358,2025-03-18 19:00,2025-03,YouTube,fitness tracker,"Really impressed by how well fitness tracker performs, well done! 🔥",1,0,Positive,Positive
POST00968,2025-10-11 16:00,2025-10,Facebook,new smartphone,"Read an article about new smartphone today, fairly informative. 🤔",0,2,Neutral,Neutral
POST00784,2025-01-28 05:00,2025-01,Twitter,airline service,"The airline service exceeded my expectations, five stars from me.",25,19,Positive,Positive
POST00736,2025-02-15 15:00,2025-02,YouTube,new movie release,The new movie release is scheduled for release next week.,3,7,Neutral,Neutral
POST01036,2025-01-02 19:00,2025-01,Instagram,streaming app,"Terrible customer support for streaming app, waited hours for a reply. 😡",15,0,Negative,Negative
POST00971,2025-10-20 12:00,2025-10,Twitter,online banking app,"The customer service for online banking app was fantastic, quick and helpful. 🔥",0,10,Positive,Positive
POST01539,2025-02-18 20:00,2025-02,YouTube,e-commerce sale,"Great value for money with e-commerce sale, totally worth it.",9,13,Positive,Positive
POST01556,2025-11-12 09:00,2025-11,Facebook,e-commerce sale,"Not happy at all with e-commerce sale, total waste of money. 👎",1,7,Negative,Negative
POST01538,2025-09-24 07:00,2025-09,Facebook,new smartphone,"Just tried the new smartphone and I'm impressed, great experience overall.",16,0,Positive,Positive
POST01362,2025-04-12 08:00,2025-04,YouTube,airline service,"Not sure yet what to think about airline service, still testing it out. 🤔",2,0,Neutral,Neutral
POST01612,2025-10-22 01:00,2025-10,YouTube,new movie release,"Just tried the new movie release and I'm impressed, great experience overall. 👍",19,0,Positive,Positive
POST01657,2025-05-06 13:00,2025-05,Instagram,streaming app,"Not sure yet what to think about streaming app, still testing it out. 🤔",6,2,Neutral,Neutral
POST01253,2025-10-27 09:00,2025-10,Facebook,new smartphone,"Great value for money with new smartphone, totally worth it.",10,4,Positive,Positive
POST01710,2025-10-21 11:00,2025-10,Twitter,electric car,"Best electric car I've used so far, highly recommend it to everyone! 👍",10,15,Positive,Positive
POST01732,2025-05-21 20:00,2025-05,YouTube,cloud gaming service,The cloud gaming service is scheduled for release next week.,2,6,Neutral,Neutral
POST01237,2025-06-23 22:00,2025-06,YouTube,e-commerce sale,"Just tried the e-commerce sale and I'm impressed, great experience overall. ❤️",82,0,Positive,Positive
POST00886,2025-05-01 17:00,2025-05,Facebook,electric car,"Not happy at all with electric car, total waste of money.",20,7,Negative,Negative
POST00080,2025-06-17 12:00,2025-06,YouTube,online banking app,"The online banking app exceeded my expectations, five stars from me.",25,1,Positive,Positive
POST01173,2025-12-23 11:00,2025-12,Instagram,customer support,"Really impressed by how well customer support performs, well done! 🔥",12,0,Positive,Positive
POST00815,2025-02-02 08:00,2025-02,Instagram,new movie release,Here's a quick overview of the new new movie release update. 🤔,21,2,Neutral,Neutral
POST01967,2025-11-21 14:00,2025-11,Twitter,fitness tracker,"The fitness tracker is fine, price is a bit high though.",10,3,Neutral,Neutral
POST00672,2025-12-13 06:00,2025-12,Instagram,food delivery app,"The food delivery app exceeded my expectations, five stars from me. ❤️",19,4,Positive,Positive
POST01546,2025-10-28 06:00,2025-10,Facebook,fitness tracker,"The fitness tracker was launched today, here are the specifications. 🤔",4,4,Neutral,Neutral
POST00058,2025-11-10 20:00,2025-11,Facebook,fitness tracker,"Really impressed by how well fitness tracker performs, well done! 😊",17,2,Positive,Positive
POST00134,2025-10-11 09:00,2025-10,Twitter,new smartphone,"Not sure yet what to think about new smartphone, still testing it out.",1,9,Neutral,Neutral
POST01141,2025-01-13 19:00,2025-01,Twitter,food delivery app,"The food delivery app was launched today, here are the specifications. 🤔",11,5,Neutral,Neutral
POST00934,2025-10-27 03:00,2025-10,Facebook,streaming app,"Can't stop recommending streaming app to my friends, it's brilliant. 🔥",39,19,Positive,Positive
POST01777,2025-09-11 12:00,2025-09,YouTube,new smartphone,"Worst experience ever with new smartphone, would not recommend. 👎",8,1,Negative,Negative
POST00824,2025-12-05 07:00,2025-12,Twitter,electric car,"Not happy at all with electric car, total waste of money. 👎",3,13,Negative,Negative
POST01215,2025-10-25 22:00,2025-10,YouTube,airline service,Why is airline service so slow today? Getting really annoyed. 😞,7,5,Negative,Negative
POST00505,2025-10-28 03:00,2025-10,YouTube,e-commerce sale,Here's a quick overview of the new e-commerce sale update.,0,0,Positive,Neutral
POST01926,2025-05-27 12:00,2025-05,Facebook,new smartphone,"Mixed feelings about new smartphone, some parts great some not.",13,4,Neutral,Neutral
POST00348,2025-01-12 02:00,2025-01,YouTube,online banking app,Comparing online banking app with other options currently available.,4,3,Neutral,Neutral
POST00387,2025-11-25 17:00,2025-11,YouTube,online banking app,"Read an article about online banking app today, fairly informative.",0,6,Neutral,Neutral
POST01025,2025-07-23 09:00,2025-07,YouTube,online banking app,"The online banking app exceeded my expectations, five stars from me. ❤️",7,7,Positive,Positive
POST00895,2025-02-10 12:00,2025-02,YouTube,electric car,"The customer service for electric car was fantastic, quick and helpful. 👍",11,3,Positive,Positive
POST00829,2025-09-22 12:00,2025-09,Instagram,online banking app,"Feeling let down by online banking app, it just doesn't work as promised. 😡",47,2,Negative,Negative
POST01913,2025-02-10 20:00,2025-02,YouTube,cloud gaming service,Loved the cloud gaming service at first but the recent update is buggy.,0,7,Negative,Negative
POST00476,2025-08-23 03:00,2025-08,Instagram,e-commerce sale,"Not sure yet what to think about e-commerce sale, still testing it out.",0,12,Neutral,Neutral
POST01833,2025-05-23 04:00,2025-05,Instagram,new smartphone,"Decent new smartphone, does the job but support could be faster.",3,2,Neutral,Neutral
POST02019,2025-11-05 06:00,2025-11,Facebook,customer support,"The customer support is okay I guess, nothing special but works.",21,2,Neutral,Neutral
POST01791,2025-12-08 06:00,2025-12,Instagram,new smartphone,"Great value for money with new smartphone, totally worth it. 👍",10,4,Positive,Positive
POST00653,2025-05-22 16:00,2025-05,Facebook,fitness tracker,"The fitness tracker update ruined everything, please fix this asap. 😡",6,4,Negative,Negative
POST00173,2025-03-06 16:00,2025-03,Twitter,new movie release,"The customer service for new movie release was fantastic, quick and helpful. 👍",41,34,Neutral,Positive
POST01150,2025-08-15 22:00,2025-08,Twitter,food delivery app,"Terrible customer support for food delivery app, waited hours for a reply. 😡",10,0,Negative,Negative
POST00039,2025-05-05 15:00,2025-05,YouTube,e-commerce sale,"Not happy at all with e-commerce sale, total waste of money. 😞",24,6,Negative,Negative
POST00714,2025-09-25 06:00,2025-09,Facebook,food delivery app,Here's a quick overview of the new food delivery app update.,20,3,Neutral,Neutral
POST00091,2025-03-04 14:00,2025-03,Instagram,new smartphone,"Not sure yet what to think about new smartphone, still testing it out.",19,8,Neutral,Neutral
POST01957,2025-04-08 21:00,2025-04,Instagram,laptop brand,Loved the laptop brand at first but the recent update is buggy.,6,11,Negative,Negative
POST01206,2025-03-24 22:00,2025-03,Facebook,new movie release,"Great value for money with new movie release, totally worth it.",20,14,Positive,Positive
POST00876,2025-09-09 05:00,2025-09,Facebook,new movie release,"Read an article about new movie release today, fairly informative.",1,4,Neutral,Neutral
POST01363,2025-11-04 08:00,2025-11,YouTube,customer support,"Best customer support I've used so far, highly recommend it to everyone! 😊",23,15,Positive,Positive
POST01910,2025-06-19 13:00,2025-06,Twitter,streaming app,"Decent streaming app, does the job but support could be faster.",7,0,Neutral,Neutral
POST01094,2025-10-06 22:00,2025-10,Facebook,customer support,"Saw an ad for customer support today, might check it out later. 🤔",7,0,Neutral,Neutral
POST01156,2025-03-04 18:00,2025-03,YouTube,customer support,"Extremely poor service from customer support, never again. 👎",7,4,Negative,Negative
POST01376,2025-03-09 17:00,2025-03,Facebook,customer support,"Really disappointed with customer support, expected way better. 😞",13,11,Negative,Negative
POST01979,2025-07-26 10:00,2025-07,Instagram,electric car,"Mixed feelings about electric car, some parts great some not.",9,2,Neutral,Neutral
POST00500,2025-11-11 06:00,2025-11,Twitter,customer support,"The customer support update ruined everything, please fix this asap.",5,7,Negative,Negative
POST00339,2025-11-25 09:00,2025-11,Facebook,new movie release,"The new movie release update ruined everything, please fix this asap. 😞",31,0,Negative,Negative
POST01189,2025-04-28 03:00,2025-04,Facebook,food delivery app,"The food delivery app broke down after just one week, very poor quality. 😞",15,3,Negative,Negative
POST00029,2025-09-08 00:00,2025-09,Facebook,e-commerce sale,"Just tried the e-commerce sale and I'm impressed, great experience overall. 👍",9,10,Positive,Positive
POST01218,2025-08-29 22:00,2025-08,Twitter,fitness tracker,"Really impressed by how well fitness tracker performs, well done!",43,1,Positive,Positive
POST01337,2025-09-06 00:00,2025-09,Twitter,streaming app,"Really disappointed with streaming app, expected way better. 😡",0,0,Negative,Negative
POST01839,2025-04-01 08:00,2025-04,Facebook,food delivery app,"Decent food delivery app, does the job but support could be faster.",3,4,Neutral,Neutral
POST00946,2025-04-05 00:00,2025-04,YouTube,cloud gaming service,"Attended a webinar about cloud gaming service, learned a few things.",59,0,Neutral,Neutral
POST00170,2025-08-22 10:00,2025-08,YouTube,fitness tracker,"Saw an ad for fitness tracker today, might check it out later. 🤔",35,5,Neutral,Neutral
POST01487,2025-12-10 14:00,2025-12,Twitter,fitness tracker,"Terrible customer support for fitness tracker, waited hours for a reply. 😡",9,2,Negative,Negative
POST01198,2025-04-21 18:00,2025-04,YouTube,customer support,"Great value for money with customer support, totally worth it. ❤️",20,6,Positive,Positive
POST01254,2025-04-25 00:00,2025-04,YouTube,electric car,"Just started using electric car, will share my thoughts soon. 🤔",1,5,Neutral,Neutral
POST01759,2025-03-05 05:00,2025-03,Twitter,customer support,"Extremely poor service from customer support, never again. 👎",3,0,Negative,Negative
POST00913,2025-08-29 17:00,2025-08,Facebook,laptop brand,"Just started using laptop brand, will share my thoughts soon.",9,13,Neutral,Neutral
POST00492,2025-06-26 00:00,2025-06,Instagram,cloud gaming service,"The cloud gaming service update ruined everything, please fix this asap. 😡",4,4,Negative,Negative
POST00954,2025-02-10 14:00,2025-02,YouTube,food delivery app,"Absolutely loving the food delivery app, works flawlessly! #happy 👍",50,2,Positive,Positive
POST01098,2025-06-17 15:00,2025-06,YouTube,cloud gaming service,"Just started using cloud gaming service, will share my thoughts soon. 🤔",5,3,Neutral,Neutral
POST01033,2025-01-23 05:00,2025-01,YouTube,fitness tracker,Here's a quick overview of the new fitness tracker update. 🤔,1,0,Neutral,Neutral
POST00588,2025-08-19 14:00,2025-08,Instagram,airline service,Here's a quick overview of the new airline service update.,1,2,Negative,Neutral
POST00751,2025-08-03 19:00,2025-08,YouTube,fitness tracker,"Huge shoutout to the team behind fitness tracker, amazing job! 👍",60,8,Positive,Positive
POST00658,2025-01-20 12:00,2025-01,YouTube,streaming app,Here's a quick overview of the new streaming app update. 🤔,3,2,Neutral,Neutral
POST00235,2025-03-15 18:00,2025-03,Instagram,new smartphone,"Can't stop recommending new smartphone to my friends, it's brilliant. 😊",3,0,Positive,Positive
POST00733,2025-02-08 15:00,2025-02,Instagram,new movie release,"The new movie release broke down after just one week, very poor quality. 😞",23,3,Negative,Negative
POST02009,2025-11-07 12:00,2025-11,Twitter,laptop brand,"Decent laptop brand, does the job but support could be faster.",1,3,Neutral,Neutral
POST01647,2025-01-31 04:00,2025-01,Twitter,e-commerce sale,Here's a quick overview of the new e-commerce sale update.,20,1,Neutral,Neutral
POST01157,2025-07-25 01:00,2025-07,Facebook,laptop brand,"The laptop brand was launched today, here are the specifications.",2,0,Negative,Neutral
POST01484,2025-09-16 20:00,2025-09,Instagram,streaming app,The streaming app is scheduled for release next week.,6,3,Neutral,Neutral
POST01437,2025-09-10 09:00,2025-09,YouTube,airline service,"Saw an ad for airline service today, might check it out later. 🤔",18,1,Neutral,Neutral
POST01642,2025-11-04 10:00,2025-11,Twitter,online banking app,Comparing online banking app with other options currently available. 🤔,0,1,Neutral,Neutral
POST00935,2025-10-25 22:00,2025-10,Twitter,new smartphone,The new smartphone is scheduled for release next week. 🤔,38,2,Neutral,Neutral
POST01210,2025-12-17 02:00,2025-12,Instagram,online banking app,"Attended a webinar about online banking app, learned a few things.",18,3,Neutral,Neutral
POST01066,2025-02-14 15:00,2025-02,YouTube,online banking app,Why is online banking app so slow today? Getting really annoyed. 👎,33,8,Negative,Negative
POST00109,2025-11-29 02:00,2025-11,Instagram,laptop brand,"Just started using laptop brand, will share my thoughts soon. 🤔",16,3,Positive,Neutral
POST01557,2025-08-21 01:00,2025-08,Twitter,streaming app,"The streaming app update ruined everything, please fix this asap. 😞",14,1,Negative,Negative
POST00569,2025-04-27 23:00,2025-04,Twitter,e-commerce sale,"Extremely poor service from e-commerce sale, never again. 😡",1,4,Negative,Negative
POST01168,2025-06-07 03:00,2025-06,Twitter,streaming app,The streaming app is scheduled for release next week. 🤔,70,0,Neutral,Neutral
POST01175,2025-03-22 00:00,2025-03,YouTube,cloud gaming service,"Great value for money with cloud gaming service, totally worth it. 😊",2,1,Positive,Positive
POST00891,2025-11-19 03:00,2025-11,YouTube,online banking app,"The online banking app update ruined everything, please fix this asap. 👎",6,4,Negative,Negative
POST00948,2025-10-10 04:00,2025-10,YouTube,food delivery app,"Attended a webinar about food delivery app, learned a few things.",30,12,Neutral,Neutral
POST01049,2025-09-05 23:00,2025-09,Twitter,airline service,"The customer service for airline service was fantastic, quick and helpful. 👍",11,18,Positive,Positive
POST01800,2025-12-25 23:00,2025-12,Twitter,electric car,"Extremely poor service from electric car, never again. 😞",6,8,Negative,Negative
POST01384,2025-03-25 22:00,2025-03,Facebook,new movie release,The new movie release is scheduled for release next week.,1,0,Neutral,Neutral
POST01465,2025-08-21 10:00,2025-08,Twitter,e-commerce sale,Why is e-commerce sale so slow today? Getting really annoyed. 😞,0,11,Negative,Negative
POST00885,2025-10-22 21:00,2025-10,Instagram,streaming app,"Huge shoutout to the team behind streaming app, amazing job! 😊",1,11,Positive,Positive
POST01689,2025-07-12 19:00,2025-07,Twitter,food delivery app,"Read an article about food delivery app today, fairly informative.",0,2,Neutral,Neutral
POST00851,2025-02-15 02:00,2025-02,YouTube,new movie release,"The new movie release exceeded my expectations, five stars from me. 🔥",2,13,Positive,Positive
POST00735,2025-07-26 07:00,2025-07,YouTube,cloud gaming service,"The cloud gaming service keeps crashing, so frustrating to deal with.",0,5,Negative,Negative
POST00718,2025-02-21 08:00,2025-02,Twitter,airline service,"Huge shoutout to the team behind airline service, amazing job! ❤️",31,13,Positive,Positive
POST00455,2025-02-08 21:00,2025-02,Twitter,online banking app,"Terrible customer support for online banking app, waited hours for a reply. 😡",11,5,Negative,Negative
POST00265,2025-02-13 16:00,2025-02,Facebook,airline service,"Worst experience ever with airline service, would not recommend. 😡",11,0,Negative,Negative
POST00076,2025-08-12 19:00,2025-08,Facebook,laptop brand,"Really impressed by how well laptop brand performs, well done! 😊",90,3,Positive,Positive
POST01673,2025-12-15 04:00,2025-12,YouTube,e-commerce sale,"The e-commerce sale exceeded my expectations, five stars from me. 🔥",9,6,Positive,Positive
POST00445,2025-01-09 00:00,2025-01,YouTube,cloud gaming service,"Really impressed by how well cloud gaming service performs, well done!",140,29,Positive,Positive
POST00396,2025-03-23 12:00,2025-03,Facebook,new movie release,"Read an article about new movie release today, fairly informative.",13,0,Neutral,Neutral
POST00177,2025-06-12 20:00,2025-06,YouTube,laptop brand,"Great value for money with laptop brand, totally worth it.",50,13,Positive,Positive
POST01043,2025-01-26 03:00,2025-01,Twitter,laptop brand,"Not happy at all with laptop brand, total waste of money. 😞",1,12,Negative,Negative
POST01753,2025-11-21 22:00,2025-11,Facebook,airline service,"Huge shoutout to the team behind airline service, amazing job! 👍",19,4,Positive,Positive
POST01930,2025-05-06 22:00,2025-05,Twitter,e-commerce sale,"The e-commerce sale is okay I guess, nothing special but works.",32,3,Neutral,Neutral
POST01525,2025-03-29 17:00,2025-03,YouTube,e-commerce sale,"Huge shoutout to the team behind e-commerce sale, amazing job!",35,11,Positive,Positive
POST01393,2025-08-21 20:00,2025-08,YouTube,new movie release,"Terrible customer support for new movie release, waited hours for a reply. 😡",20,1,Negative,Negative
POST00596,2025-10-26 18:00,2025-10,Twitter,cloud gaming service,The cloud gaming service has some new features this month. 🤔,12,3,Negative,Neutral
POST00062,2025-01-27 02:00,2025-01,Facebook,new movie release,Comparing new movie release with other options currently available.,3,4,Neutral,Neutral
POST01297,2025-03-04 08:00,2025-03,Twitter,new movie release,"The new movie release update ruined everything, please fix this asap.",6,5,Negative,Negative
POST00873,2025-04-14 07:00,2025-04,Instagram,food delivery app,"The customer service for food delivery app was fantastic, quick and helpful. 👍",7,14,Positive,Positive
POST01504,2025-05-07 17:00,2025-05,Twitter,online banking app,"Not sure yet what to think about online banking app, still testing it out.",2,2,Neutral,Neutral
POST01899,2025-12-21 14:00,2025-12,Twitter,electric car,Loved the electric car at first but the recent update is buggy.,4,4,Negative,Negative
POST00279,2025-01-23 13:00,2025-01,YouTube,electric car,"The electric car broke down after just one week, very poor quality. 😞",6,9,Negative,Negative
POST00037,2025-06-19 02:00,2025-06,Twitter,airline service,"Really impressed by how well airline service performs, well done! 🔥",2,2,Positive,Positive
POST01549,2025-05-05 04:00,2025-05,Instagram,new movie release,"Really disappointed with new movie release, expected way better. 😡",16,4,Positive,Negative
POST00663,2025-09-22 11:00,2025-09,YouTube,electric car,"Just started using electric car, will share my thoughts soon. 🤔",8,2,Neutral,Neutral
POST01825,2025-07-23 15:00,2025-07,Instagram,new smartphone,"The new smartphone is fine, price is a bit high though.",7,0,Neutral,Neutral
POST01457,2025-08-17 20:00,2025-08,YouTube,electric car,"Huge shoutout to the team behind electric car, amazing job!",5,1,Positive,Positive
POST00978,2025-08-17 19:00,2025-08,YouTube,new smartphone,"Feeling let down by new smartphone, it just doesn't work as promised. 😡",0,3,Negative,Negative
POST01935,2025-07-23 13:00,2025-07,Twitter,electric car,Loved the electric car at first but the recent update is buggy.,0,5,Negative,Negative
POST00739,2025-09-18 17:00,2025-09,Facebook,e-commerce sale,"Saw an ad for e-commerce sale today, might check it out later.",4,7,Positive,Neutral
POST00192,2025-12-14 23:00,2025-12,Facebook,e-commerce sale,"Worst experience ever with e-commerce sale, would not recommend. 😡",23,11,Negative,Negative
POST00920,2025-11-13 14:00,2025-11,YouTube,airline service,The airline service has some new features this month.,14,0,Neutral,Neutral
POST00457,2025-02-09 09:00,2025-02,YouTube,electric car,"Best electric car I've used so far, highly recommend it to everyone!",6,28,Positive,Positive
POST00676,2025-08-24 08:00,2025-08,Facebook,customer support,"Huge shoutout to the team behind customer support, amazing job! ❤️",32,31,Positive,Positive
POST00761,2025-11-12 21:00,2025-11,Twitter,new movie release,"Really impressed by how well new movie release performs, well done! 🔥",11,5,Positive,Positive
POST01826,2025-03-26 14:00,2025-03,Twitter,fitness tracker,"The fitness tracker is fine, price is a bit high though.",3,1,Neutral,Neutral
POST01617,2025-12-08 02:00,2025-12,Facebook,online banking app,"Saw an ad for online banking app today, might check it out later.",1,15,Neutral,Neutral
POST00729,2025-12-02 10:00,2025-12,Facebook,airline service,"Really disappointed with airline service, expected way better. 😞",33,8,Negative,Negative
POST00413,2025-04-25 00:00,2025-04,Instagram,fitness tracker,"Just started using fitness tracker, will share my thoughts soon.",7,13,Neutral,Neutral
POST01099,2025-10-25 20:00,2025-10,Instagram,food delivery app,"Just started using food delivery app, will share my thoughts soon. 🤔",0,4,Neutral,Neutral
POST00826,2025-11-28 13:00,2025-11,Instagram,food delivery app,"Just started using food delivery app, will share my thoughts soon. 🤔",1,6,Neutral,Neutral
POST01511,2025-07-22 22:00,2025-07,Twitter,online banking app,"Just tried the online banking app and I'm impressed, great experience overall. 🔥",5,2,Positive,Positive
POST00617,2025-02-26 16:00,2025-02,Instagram,e-commerce sale,Here's a quick overview of the new e-commerce sale update. 🤔,12,1,Neutral,Neutral
POST00115,2025-02-22 22:00,2025-02,Instagram,e-commerce sale,"The e-commerce sale exceeded my expectations, five stars from me.",14,4,Positive,Positive
POST00418,2025-07-25 14:00,2025-07,Twitter,food delivery app,Why is food delivery app so slow today? Getting really annoyed. 😞,1,0,Negative,Negative
POST01931,2025-02-23 09:00,2025-02,Instagram,new smartphone,"The new smartphone is fine, price is a bit high though.",2,0,Neutral,Neutral
POST00970,2025-10-26 07:00,2025-10,Facebook,online banking app,"Huge shoutout to the team behind online banking app, amazing job! 👍",9,2,Positive,Positive
POST00605,2025-09-03 17:00,2025-09,Facebook,electric car,"Great value for money with electric car, totally worth it. 👍",0,0,Positive,Positive
POST01939,2025-03-16 20:00,2025-03,YouTube,streaming app,"The streaming app is fine, price is a bit high though.",8,0,Neutral,Neutral
POST00090,2025-04-01 22:00,2025-04,Instagram,customer support,"Extremely poor service from customer support, never again.",5,1,Negative,Negative
POST00849,2025-06-23 17:00,2025-06,YouTube,food delivery app,"The customer service for food delivery app was fantastic, quick and helpful. 😊",16,0,Positive,Positive
POST01761,2025-11-08 03:00,2025-11,Facebook,online banking app,"Just started using online banking app, will share my thoughts soon. 🤔",7,0,Neutral,Neutral
POST01938,2025-08-21 01:00,2025-08,Facebook,airline service,"Mixed feelings about airline service, some parts great some not.",31,0,Neutral,Neutral
POST00754,2025-11-16 22:00,2025-11,Instagram,food delivery app,"Terrible customer support for food delivery app, waited hours for a reply. 👎",17,3,Negative,Negative
POST00499,2025-11-19 05:00,2025-11,YouTube,food delivery app,"Worst experience ever with food delivery app, would not recommend.",13,3,Negative,Negative
POST01277,2025-02-19 03:00,2025-02,Twitter,cloud gaming service,"Attended a webinar about cloud gaming service, learned a few things. 🤔",3,1,Neutral,Neutral
POST01326,2025-05-09 19:00,2025-05,YouTube,customer support,"Read an article about customer support today, fairly informative.",5,3,Neutral,Neutral
POST00012,2025-03-25 11:00,2025-03,Facebook,new movie release,Here's a quick overview of the new new movie release update. 🤔,40,6,Neutral,Neutral
POST00397,2025-11-24 09:00,2025-11,Twitter,electric car,"Super smooth experience with electric car today, very happy customer here.",30,0,Positive,Positive
POST00285,2025-03-24 08:00,2025-03,Twitter,online banking app,"Great value for money with online banking app, totally worth it.",57,1,Positive,Positive
POST01067,2025-04-21 16:00,2025-04,Facebook,new movie release,"The new movie release exceeded my expectations, five stars from me. 🔥",12,6,Positive,Positive
POST01192,2025-11-09 14:00,2025-11,Instagram,streaming app,"Not sure yet what to think about streaming app, still testing it out.",26,1,Neutral,Neutral
POST01762,2025-04-03 11:00,2025-04,YouTube,laptop brand,"Read an article about laptop brand today, fairly informative.",7,4,Neutral,Neutral
POST00691,2025-08-30 06:00,2025-08,Twitter,e-commerce sale,"Read an article about e-commerce sale today, fairly informative. 🤔",8,0,Neutral,Neutral
POST01646,2025-06-08 07:00,2025-06,Twitter,new smartphone,"Can't stop recommending new smartphone to my friends, it's brilliant. 🔥",60,6,Positive,Positive
POST01934,2025-02-25 02:00,2025-02,YouTube,cloud gaming service,"Mixed feelings about cloud gaming service, some parts great some not.",12,7,Neutral,Neutral
POST00690,2025-01-28 20:00,2025-01,YouTube,airline service,"The customer service for airline service was fantastic, quick and helpful.",4,3,Positive,Positive
POST00852,2025-11-08 01:00,2025-11,Twitter,laptop brand,Comparing laptop brand with other options currently available.,0,12,Neutral,Neutral
POST00160,2025-01-27 06:00,2025-01,YouTube,cloud gaming service,"Terrible customer support for cloud gaming service, waited hours for a reply. 😞",41,2,Negative,Negative
POST00896,2025-03-27 20:00,2025-03,Instagram,new movie release,"Super smooth experience with new movie release today, very happy customer here. ❤️",3,4,Positive,Positive
POST01748,2025-03-14 09:00,2025-03,Instagram,new smartphone,Why is new smartphone so slow today? Getting really annoyed. 😞,8,9,Negative,Negative
POST00258,2025-11-18 10:00,2025-11,Facebook,cloud gaming service,"Not sure yet what to think about cloud gaming service, still testing it out.",1,2,Neutral,Neutral
POST00336,2025-03-29 21:00,2025-03,Instagram,e-commerce sale,"Feeling let down by e-commerce sale, it just doesn't work as promised. 👎",14,7,Negative,Negative
POST01968,2025-12-08 09:00,2025-12,Twitter,e-commerce sale,"The e-commerce sale is fine, price is a bit high though.",11,4,Neutral,Neutral
POST01040,2025-11-14 20:00,2025-11,Facebook,food delivery app,"Really impressed by how well food delivery app performs, well done! 🔥",7,1,Positive,Positive
POST00516,2025-01-17 08:00,2025-01,Facebook,food delivery app,Why is food delivery app so slow today? Getting really annoyed. 👎,19,3,Negative,Negative
POST01349,2025-08-15 12:00,2025-08,Instagram,fitness tracker,"Really disappointed with fitness tracker, expected way better.",6,1,Negative,Negative
POST01016,2025-12-31 20:00,2025-12,YouTube,e-commerce sale,"The e-commerce sale broke down after just one week, very poor quality. 😞",6,1,Negative,Negative
POST00769,2025-01-03 10:00,2025-01,Facebook,e-commerce sale,The e-commerce sale is scheduled for release next week. 🤔,6,0,Neutral,Neutral
POST01764,2025-03-15 12:00,2025-03,Instagram,cloud gaming service,"Attended a webinar about cloud gaming service, learned a few things.",3,0,Neutral,Neutral
POST00762,2025-05-02 16:00,2025-05,YouTube,electric car,"The electric car exceeded my expectations, five stars from me. 😊",3,2,Positive,Positive
POST01247,2025-08-01 14:00,2025-08,YouTube,food delivery app,The food delivery app has some new features this month. 🤔,10,9,Neutral,Neutral
POST01204,2025-12-21 23:00,2025-12,Twitter,fitness tracker,Comparing fitness tracker with other options currently available. 🤔,10,0,Neutral,Neutral
POST01482,2025-08-02 15:00,2025-08,Twitter,airline service,"The customer service for airline service was fantastic, quick and helpful. 👍",13,30,Positive,Positive
POST02004,2025-08-28 23:00,2025-08,Facebook,cloud gaming service,"The cloud gaming service is fine, price is a bit high though.",4,15,Neutral,Neutral
POST00522,2025-12-30 19:00,2025-12,Facebook,electric car,"Can't stop recommending electric car to my friends, it's brilliant. 🔥",43,4,Positive,Positive
POST00023,2025-11-02 14:00,2025-11,YouTube,customer support,"Really impressed by how well customer support performs, well done! 👍",40,0,Positive,Positive
POST00357,2025-03-12 22:00,2025-03,Twitter,new smartphone,"Super smooth experience with new smartphone today, very happy customer here. ❤️",8,2,Positive,Positive
POST01278,2025-04-05 21:00,2025-04,Instagram,e-commerce sale,Here's a quick overview of the new e-commerce sale update. 🤔,20,1,Neutral,Neutral
POST01313,2025-05-07 07:00,2025-05,Instagram,new smartphone,"Terrible customer support for new smartphone, waited hours for a reply. 😡",2,0,Negative,Negative
POST01877,2025-09-30 17:00,2025-09,YouTube,new movie release,"The new movie release is fine, price is a bit high though.",28,3,Neutral,Neutral
POST00341,2025-08-01 15:00,2025-08,YouTube,streaming app,"The streaming app update ruined everything, please fix this asap. 😞",4,10,Neutral,Negative
POST00432,2025-09-03 07:00,2025-09,Twitter,food delivery app,"Feeling let down by food delivery app, it just doesn't work as promised. 😞",19,0,Negative,Negative
POST00474,2025-05-22 13:00,2025-05,YouTube,streaming app,The streaming app has some new features this month.,4,2,Neutral,Neutral
POST00218,2025-02-01 15:00,2025-02,Twitter,new movie release,"Not happy at all with new movie release, total waste of money.",10,5,Negative,Negative
POST00912,2025-01-06 00:00,2025-01,Facebook,streaming app,"Read an article about streaming app today, fairly informative. 🤔",34,6,Neutral,Neutral
POST01228,2025-03-17 11:00,2025-03,Twitter,online banking app,"The online banking app exceeded my expectations, five stars from me. ❤️",37,2,Positive,Positive
POST01611,2025-09-27 10:00,2025-09,Instagram,customer support,"Attended a webinar about customer support, learned a few things.",16,4,Neutral,Neutral
POST01012,2025-11-23 23:00,2025-11,YouTube,online banking app,"The online banking app exceeded my expectations, five stars from me. 🔥",8,2,Positive,Positive
POST01970,2025-08-29 03:00,2025-08,Instagram,airline service,"Mixed feelings about airline service, some parts great some not.",0,2,Negative,Neutral
POST00094,2025-11-23 08:00,2025-11,Instagram,online banking app,"Read an article about online banking app today, fairly informative.",26,1,Neutral,Neutral
POST01009,2025-08-09 04:00,2025-08,Instagram,online banking app,"The customer service for online banking app was fantastic, quick and helpful. 🔥",11,23,Positive,Positive
POST01071,2025-04-16 23:00,2025-04,Instagram,airline service,"Absolutely loving the airline service, works flawlessly! #happy ❤️",27,1,Positive,Positive
POST01093,2025-02-03 10:00,2025-02,YouTube,new movie release,"Saw an ad for new movie release today, might check it out later.",7,1,Neutral,Neutral
POST01600,2025-04-07 15:00,2025-04,YouTube,fitness tracker,"The fitness tracker was launched today, here are the specifications.",1,4,Neutral,Neutral
POST01309,2025-11-12 21:00,2025-11,YouTube,new movie release,Here's a quick overview of the new new movie release update.,0,3,Neutral,Neutral
POST00697,2025-03-08 19:00,2025-03,Twitter,new movie release,Comparing new movie release with other options currently available.,5,5,Neutral,Neutral
POST01811,2025-04-05 08:00,2025-04,YouTube,airline service,"The airline service is fine, price is a bit high though.",2,1,Neutral,Neutral
POST00997,2025-11-29 12:00,2025-11,Facebook,new smartphone,Why is new smartphone so slow today? Getting really annoyed.,23,0,Negative,Negative
POST01459,2025-01-19 17:00,2025-01,Twitter,online banking app,"The online banking app broke down after just one week, very poor quality.",7,1,Negative,Negative
POST00154,2025-11-22 15:00,2025-11,YouTube,streaming app,"Just tried the streaming app and I'm impressed, great experience overall. ❤️",3,8,Positive,Positive
POST01100,2025-08-20 17:00,2025-08,Instagram,cloud gaming service,"The cloud gaming service exceeded my expectations, five stars from me. ❤️",11,13,Positive,Positive
POST01735,2025-12-22 23:00,2025-12,Facebook,new movie release,"The new movie release keeps crashing, so frustrating to deal with. 😞",15,15,Negative,Negative
POST02018,2025-04-30 17:00,2025-04,Facebook,e-commerce sale,"Mixed feelings about e-commerce sale, some parts great some not.",15,3,Neutral,Neutral
POST00790,2025-12-05 00:00,2025-12,YouTube,customer support,"The customer support update ruined everything, please fix this asap. 😞",5,5,Negative,Negative
POST00581,2025-09-09 01:00,2025-09,YouTube,food delivery app,"Not sure yet what to think about food delivery app, still testing it out.",15,5,Neutral,Neutral
POST01471,2025-10-29 17:00,2025-10,YouTube,laptop brand,"Really impressed by how well laptop brand performs, well done! ❤️",0,8,Positive,Positive
POST00704,2025-06-25 15:00,2025-06,Instagram,customer support,Here's a quick overview of the new customer support update. 🤔,1,0,Neutral,Neutral
POST01213,2025-03-31 20:00,2025-03,Facebook,laptop brand,"Read an article about laptop brand today, fairly informative. 🤔",0,1,Neutral,Neutral
POST01296,2025-09-06 16:00,2025-09,YouTube,cloud gaming service,The cloud gaming service has some new features this month. 🤔,29,4,Neutral,Neutral
POST01682,2025-04-12 15:00,2025-04,Instagram,streaming app,"Worst experience ever with streaming app, would not recommend. 😡",11,3,Negative,Negative
POST01261,2025-07-02 05:00,2025-07,Instagram,new movie release,"Absolutely loving the new movie release, works flawlessly! #happy 👍",9,0,Positive,Positive
POST00488,2025-02-25 07:00,2025-02,Twitter,e-commerce sale,"The e-commerce sale broke down after just one week, very poor quality. 😞",1,4,Negative,Negative
POST00560,2025-06-08 22:00,2025-06,Twitter,e-commerce sale,"Not happy at all with e-commerce sale, total waste of money. 😞",2,4,Negative,Negative
POST01142,2025-11-03 20:00,2025-11,Instagram,e-commerce sale,"Just tried the e-commerce sale and I'm impressed, great experience overall. 😊",45,7,Positive,Positive
POST01120,2025-10-21 23:00,2025-10,YouTube,new movie release,"Super smooth experience with new movie release today, very happy customer here. ❤️",43,8,Positive,Positive
POST00802,2025-12-22 18:00,2025-12,Facebook,cloud gaming service,"Best cloud gaming service I've used so far, highly recommend it to everyone!",28,7,Positive,Positive
POST00513,2025-04-10 12:00,2025-04,Instagram,new movie release,"Really impressed by how well new movie release performs, well done!",28,1,Positive,Positive
POST00634,2025-11-07 13:00,2025-11,Instagram,customer support,"Not sure yet what to think about customer support, still testing it out. 🤔",9,0,Neutral,Neutral
POST01493,2025-09-09 00:00,2025-09,Twitter,customer support,"The customer support broke down after just one week, very poor quality.",5,3,Negative,Negative
POST01806,2025-09-19 13:00,2025-09,Twitter,new movie release,"Mixed feelings about new movie release, some parts great some not.",11,1,Neutral,Neutral
POST01560,2025-01-04 11:00,2025-01,Instagram,customer support,"Just started using customer support, will share my thoughts soon. 🤔",13,3,Neutral,Neutral
POST01151,2025-02-06 18:00,2025-02,Twitter,new smartphone,"Terrible customer support for new smartphone, waited hours for a reply.",13,4,Negative,Negative
POST00791,2025-03-11 23:00,2025-03,Instagram,fitness tracker,"Not happy at all with fitness tracker, total waste of money. 👎",22,4,Negative,Negative
POST00117,2025-01-07 13:00,2025-01,Facebook,airline service,"Great value for money with airline service, totally worth it. 😊",24,5,Positive,Positive
POST00741,2025-12-03 11:00,2025-12,YouTube,fitness tracker,"The fitness tracker update ruined everything, please fix this asap. 😡",9,0,Negative,Negative
POST01707,2025-07-13 22:00,2025-07,Facebook,cloud gaming service,Comparing cloud gaming service with other options currently available.,3,1,Neutral,Neutral
POST01082,2025-08-07 12:00,2025-08,Twitter,new smartphone,"Worst experience ever with new smartphone, would not recommend.",14,0,Negative,Negative
POST00831,2025-04-23 13:00,2025-04,Instagram,new movie release,"The customer service for new movie release was fantastic, quick and helpful. 🔥",5,11,Positive,Positive
POST00120,2025-06-15 07:00,2025-06,Facebook,customer support,"The customer support keeps crashing, so frustrating to deal with. 👎",33,3,Negative,Negative
POST00657,2025-01-20 05:00,2025-01,YouTube,e-commerce sale,"The e-commerce sale exceeded my expectations, five stars from me. ❤️",0,0,Positive,Positive
POST01928,2025-07-11 02:00,2025-07,Facebook,e-commerce sale,"The e-commerce sale is fine, price is a bit high though.",1,0,Neutral,Neutral
POST00636,2025-06-02 07:00,2025-06,Facebook,cloud gaming service,"Just tried the cloud gaming service and I'm impressed, great experience overall. 😊",79,3,Positive,Positive
POST00370,2025-08-24 17:00,2025-08,Instagram,laptop brand,Here's a quick overview of the new laptop brand update.,14,0,Neutral,Neutral
POST00269,2025-10-13 21:00,2025-10,Twitter,laptop brand,"Not happy at all with laptop brand, total waste of money. 👎",16,10,Negative,Negative
POST00656,2025-07-30 08:00,2025-07,Facebook,fitness tracker,"Not happy at all with fitness tracker, total waste of money.",2,1,Negative,Negative
POST00936,2025-05-08 05:00,2025-05,Twitter,laptop brand,The laptop brand is scheduled for release next week. 🤔,16,0,Neutral,Neutral
POST00823,2025-04-06 05:00,2025-04,Instagram,food delivery app,"Super smooth experience with food delivery app today, very happy customer here.",1,5,Positive,Positive
POST00867,2025-06-11 13:00,2025-06,Instagram,cloud gaming service,"Super smooth experience with cloud gaming service today, very happy customer here.",3,7,Positive,Positive
POST00047,2025-07-19 08:00,2025-07,Twitter,customer support,"Great value for money with customer support, totally worth it. 👍",89,26,Positive,Positive
POST01374,2025-07-01 19:00,2025-07,YouTube,food delivery app,"Feeling let down by food delivery app, it just doesn't work as promised. 😡",4,2,Negative,Negative
POST02014,2025-04-06 11:00,2025-04,YouTube,laptop brand,Loved the laptop brand at first but the recent update is buggy.,10,0,Negative,Negative
POST00992,2025-04-15 17:00,2025-04,Instagram,electric car,"Read an article about electric car today, fairly informative.",5,0,Neutral,Neutral
POST00877,2025-10-23 04:00,2025-10,Instagram,customer support,"Really disappointed with customer support, expected way better.",5,4,Negative,Negative
POST00774,2025-04-22 19:00,2025-04,Facebook,laptop brand,"Extremely poor service from laptop brand, never again.",28,5,Negative,Negative
POST01220,2025-02-11 12:00,2025-02,Twitter,new movie release,"Worst experience ever with new movie release, would not recommend. 👎",11,9,Negative,Negative
POST02020,2025-10-15 08:00,2025-10,Twitter,food delivery app,"The food delivery app is fine, price is a bit high though.",9,3,Neutral,Neutral
POST00005,2025-10-29 08:00,2025-10,YouTube,food delivery app,"Just started using food delivery app, will share my thoughts soon. 🤔",2,0,Neutral,Neutral
POST01004,2025-06-24 12:00,2025-06,Instagram,food delivery app,"Best food delivery app I've used so far, highly recommend it to everyone! 😊",19,2,Positive,Positive
POST01741,2025-06-10 03:00,2025-06,YouTube,fitness tracker,"Absolutely loving the fitness tracker, works flawlessly! #happy 🔥",16,1,Positive,Positive
POST00264,2025-09-14 04:00,2025-09,YouTube,e-commerce sale,"Just started using e-commerce sale, will share my thoughts soon.",1,3,Neutral,Neutral
POST01584,2025-05-16 20:00,2025-05,Instagram,new movie release,"The new movie release was launched today, here are the specifications.",5,2,Positive,Neutral
POST01849,2025-08-21 20:00,2025-08,Instagram,customer support,"The customer support is okay I guess, nothing special but works.",8,8,Neutral,Neutral
POST00444,2025-07-11 01:00,2025-07,YouTube,food delivery app,"Feeling let down by food delivery app, it just doesn't work as promised.",9,5,Negative,Negative
POST01003,2025-07-18 00:00,2025-07,Facebook,cloud gaming service,"Read an article about cloud gaming service today, fairly informative.",0,4,Neutral,Neutral
POST01078,2025-10-09 10:00,2025-10,Facebook,food delivery app,"Terrible customer support for food delivery app, waited hours for a reply. 😞",3,0,Negative,Negative
POST00838,2025-07-09 01:00,2025-07,YouTube,fitness tracker,"Read an article about fitness tracker today, fairly informative.",7,2,Neutral,Neutral
POST01809,2025-01-01 01:00,2025-01,Twitter,streaming app,"The streaming app is okay I guess, nothing special but works.",4,1,Neutral,Neutral
POST00305,2025-05-10 01:00,2025-05,YouTube,fitness tracker,Why is fitness tracker so slow today? Getting really annoyed. 👎,6,3,Negative,Negative
POST01366,2025-04-08 08:00,2025-04,Instagram,electric car,"Terrible customer support for electric car, waited hours for a reply.",0,0,Negative,Negative
POST01572,2025-11-19 08:00,2025-11,Twitter,food delivery app,"Not sure yet what to think about food delivery app, still testing it out.",8,1,Neutral,Neutral
POST00314,2025-02-08 21:00,2025-02,Twitter,cloud gaming service,"Not happy at all with cloud gaming service, total waste of money. 👎",3,3,Negative,Negative
POST00150,2025-08-13 02:00,2025-08,YouTube,online banking app,"Attended a webinar about online banking app, learned a few things. 🤔",5,0,Neutral,Neutral
POST01149,2025-02-25 04:00,2025-02,YouTube,cloud gaming service,"Read an article about cloud gaming service today, fairly informative.",12,6,Neutral,Neutral
POST01214,2025-03-12 10:00,2025-03,Instagram,fitness tracker,"Huge shoutout to the team behind fitness tracker, amazing job!",6,19,Positive,Positive
POST00575,2025-02-14 17:00,2025-02,Facebook,online banking app,"Great value for money with online banking app, totally worth it. 😊",2,9,Positive,Positive
POST00051,2025-12-12 07:00,2025-12,Twitter,airline service,Comparing airline service with other options currently available. 🤔,3,0,Neutral,Neutral
POST01567,2025-08-22 07:00,2025-08,Facebook,food delivery app,"Super smooth experience with food delivery app today, very happy customer here. 👍",101,2,Positive,Positive
POST00727,2025-07-03 19:00,2025-07,YouTube,streaming app,"Really disappointed with streaming app, expected way better. 😞",8,1,Negative,Negative
POST00834,2025-07-17 04:00,2025-07,YouTube,food delivery app,"The food delivery app keeps crashing, so frustrating to deal with. 😡",21,5,Negative,Negative
POST01378,2025-06-12 22:00,2025-06,Twitter,streaming app,"Really impressed by how well streaming app performs, well done! ❤️",27,8,Positive,Positive
POST01116,2025-02-27 18:00,2025-02,Facebook,electric car,"The electric car update ruined everything, please fix this asap. 😡",3,0,Negative,Negative
POST01167,2025-05-05 22:00,2025-05,Twitter,e-commerce sale,"Best e-commerce sale I've used so far, highly recommend it to everyone! 😊",33,2,Positive,Positive
POST00471,2025-07-31 12:00,2025-07,Facebook,new smartphone,"Just tried the new smartphone and I'm impressed, great experience overall.",2,2,Positive,Positive
POST00972,2025-06-16 15:00,2025-06,Twitter,electric car,"Not sure yet what to think about electric car, still testing it out.",3,4,Neutral,Neutral
POST00654,2025-02-27 13:00,2025-02,YouTube,electric car,"Not sure yet what to think about electric car, still testing it out. 🤔",1,2,Negative,Neutral
POST00400,2025-05-07 21:00,2025-05,Instagram,fitness tracker,"Attended a webinar about fitness tracker, learned a few things. 🤔",16,0,Neutral,Neutral
POST00512,2025-11-14 01:00,2025-11,YouTube,laptop brand,"Super smooth experience with laptop brand today, very happy customer here. 😊",13,1,Positive,Positive
POST00321,2025-05-14 22:00,2025-05,Facebook,airline service,"Great value for money with airline service, totally worth it. 🔥",23,2,Positive,Positive
POST00020,2025-10-26 12:00,2025-10,YouTube,electric car,"Super smooth experience with electric car today, very happy customer here. 🔥",1,3,Positive,Positive
POST00685,2025-12-10 11:00,2025-12,YouTube,cloud gaming service,"Really impressed by how well cloud gaming service performs, well done! 👍",72,15,Positive,Positive
POST00036,2025-02-06 22:00,2025-02,Twitter,food delivery app,"Absolutely loving the food delivery app, works flawlessly! #happy 🔥",13,11,Positive,Positive
POST00903,2025-01-14 12:00,2025-01,Twitter,fitness tracker,"Really impressed by how well fitness tracker performs, well done! 😊",7,0,Positive,Positive
POST01873,2025-06-15 04:00,2025-06,Twitter,streaming app,"Decent streaming app, does the job but support could be faster.",9,0,Neutral,Neutral
POST00828,2025-10-21 04:00,2025-10,Twitter,cloud gaming service,"Just started using cloud gaming service, will share my thoughts soon. 🤔",34,0,Neutral,Neutral
POST01815,2025-05-02 20:00,2025-05,Facebook,fitness tracker,"The fitness tracker is fine, price is a bit high though.",11,5,Neutral,Neutral
POST00408,2025-06-26 22:00,2025-06,YouTube,new smartphone,"Just tried the new smartphone and I'm impressed, great experience overall.",14,23,Positive,Positive
POST00921,2025-01-10 04:00,2025-01,Facebook,food delivery app,"Absolutely loving the food delivery app, works flawlessly! #happy",0,7,Positive,Positive
POST00538,2025-12-07 20:00,2025-12,Facebook,airline service,"Worst experience ever with airline service, would not recommend. 😡",9,1,Negative,Negative
POST00759,2025-05-27 21:00,2025-05,Instagram,online banking app,The online banking app has some new features this month. 🤔,11,5,Neutral,Neutral
POST01925,2025-03-05 18:00,2025-03,Instagram,new movie release,"Decent new movie release, does the job but support could be faster.",9,3,Neutral,Neutral
POST01063,2025-05-24 00:00,2025-05,Instagram,airline service,"Super smooth experience with airline service today, very happy customer here. ❤️",10,14,Positive,Positive
POST01200,2025-10-24 07:00,2025-10,YouTube,laptop brand,"Feeling let down by laptop brand, it just doesn't work as promised. 😞",5,4,Positive,Negative
POST00246,2025-03-31 04:00,2025-03,YouTube,electric car,Comparing electric car with other options currently available. 🤔,5,6,Neutral,Neutral
POST01417,2025-12-03 23:00,2025-12,YouTube,electric car,"Feeling let down by electric car, it just doesn't work as promised.",41,1,Negative,Negative
POST01128,2025-09-28 01:00,2025-09,Instagram,new movie release,"The new movie release broke down after just one week, very poor quality. 😡",0,1,Negative,Negative
POST00785,2025-05-13 13:00,2025-05,Instagram,airline service,"Not happy at all with airline service, total waste of money.",24,5,Negative,Negative
POST01760,2025-02-18 16:00,2025-02,YouTube,e-commerce sale,"Super smooth experience with e-commerce sale today, very happy customer here.",70,3,Positive,Positive
POST00490,2025-01-06 03:00,2025-01,Twitter,customer support,"Terrible customer support for customer support, waited hours for a reply. 😞",24,6,Negative,Negative
POST00155,2025-06-20 10:00,2025-06,YouTube,laptop brand,"The laptop brand was launched today, here are the specifications. 🤔",10,13,Neutral,Neutral
POST00962,2025-10-01 19:00,2025-10,Instagram,cloud gaming service,"Great value for money with cloud gaming service, totally worth it. 👍",1,22,Positive,Positive
POST00854,2025-08-13 00:00,2025-08,YouTube,cloud gaming service,Why is cloud gaming service so slow today? Getting really annoyed. 👎,18,4,Negative,Negative
POST01312,2025-06-26 11:00,2025-06,YouTube,airline service,"Can't stop recommending airline service to my friends, it's brilliant. 👍",9,6,Positive,Positive
POST00626,2025-05-16 06:00,2025-05,Twitter,new movie release,Why is new movie release so slow today? Getting really annoyed. 😡,10,2,Negative,Negative
POST00686,2025-05-31 03:00,2025-05,Instagram,streaming app,"The streaming app update ruined everything, please fix this asap. 😞",7,2,Negative,Negative
POST01576,2025-09-11 15:00,2025-09,YouTube,electric car,"The electric car exceeded my expectations, five stars from me.",61,14,Positive,Positive
POST00570,2025-05-06 01:00,2025-05,Twitter,new smartphone,"Great value for money with new smartphone, totally worth it. 👍",24,8,Positive,Positive
POST01929,2025-05-15 21:00,2025-05,YouTube,fitness tracker,"Mixed feelings about fitness tracker, some parts great some not.",11,7,Neutral,Neutral
POST00018,2025-07-22 20:00,2025-07,YouTube,food delivery app,The food delivery app is scheduled for release next week. 🤔,33,9,Neutral,Neutral
POST00128,2025-08-06 23:00,2025-08,Facebook,new movie release,"Extremely poor service from new movie release, never again. 👎",11,8,Negative,Negative
POST01347,2025-12-20 21:00,2025-12,Twitter,electric car,Why is electric car so slow today? Getting really annoyed. 👎,10,8,Negative,Negative
POST01280,2025-09-16 18:00,2025-09,Instagram,streaming app,"Just tried the streaming app and I'm impressed, great experience overall. 😊",67,9,Positive,Positive
POST01989,2025-11-23 18:00,2025-11,Twitter,cloud gaming service,Loved the cloud gaming service at first but the recent update is buggy.,9,0,Negative,Negative
POST00928,2025-05-08 12:00,2025-05,Twitter,new smartphone,The new smartphone is scheduled for release next week. 🤔,47,6,Neutral,Neutral
POST00981,2025-07-24 16:00,2025-07,Twitter,online banking app,"Can't stop recommending online banking app to my friends, it's brilliant. 🔥",23,2,Positive,Positive
POST01985,2025-01-13 23:00,2025-01,YouTube,airline service,"The airline service is fine, price is a bit high though.",3,9,Neutral,Neutral
POST00191,2025-11-07 11:00,2025-11,Instagram,online banking app,Why is online banking app so slow today? Getting really annoyed. 😞,18,2,Negative,Negative
POST01140,2025-06-29 07:00,2025-06,YouTube,cloud gaming service,"Terrible customer support for cloud gaming service, waited hours for a reply. 👎",3,0,Negative,Negative
POST00993,2025-11-15 23:00,2025-11,YouTube,fitness tracker,"Not sure yet what to think about fitness tracker, still testing it out. 🤔",0,4,Neutral,Neutral
POST01976,2025-03-29 18:00,2025-03,Facebook,laptop brand,"The laptop brand is fine, price is a bit high though.",2,6,Neutral,Neutral
POST01672,2025-12-24 21:00,2025-12,Twitter,cloud gaming service,"Worst experience ever with cloud gaming service, would not recommend. 👎",2,0,Negative,Negative
POST00607,2025-01-16 08:00,2025-01,Instagram,laptop brand,"Really disappointed with laptop brand, expected way better.",5,0,Negative,Negative
POST00181,2025-07-11 13:00,2025-07,Facebook,online banking app,"Not sure yet what to think about online banking app, still testing it out. 🤔",11,1,Neutral,Neutral
POST00302,2025-11-20 05:00,2025-11,YouTube,electric car,"Worst experience ever with electric car, would not recommend. 😡",6,8,Negative,Negative
POST00497,2025-12-13 05:00,2025-12,Twitter,laptop brand,"Huge shoutout to the team behind laptop brand, amazing job!",14,2,Positive,Positive
POST01712,2025-06-13 11:00,2025-06,YouTube,customer support,"Best customer support I've used so far, highly recommend it to everyone!",82,3,Positive,Positive
POST01908,2025-01-05 11:00,2025-01,Facebook,airline service,"Decent airline service, does the job but support could be faster.",5,7,Neutral,Neutral
POST01677,2025-07-30 23:00,2025-07,Facebook,e-commerce sale,"The e-commerce sale was launched today, here are the specifications. 🤔",1,1,Neutral,Neutral
POST01653,2025-04-04 14:00,2025-04,Facebook,fitness tracker,"Absolutely loving the fitness tracker, works flawlessly! #happy 😊",25,1,Positive,Positive
POST00518,2025-10-21 03:00,2025-10,Twitter,fitness tracker,"Terrible customer support for fitness tracker, waited hours for a reply. 👎",20,8,Negative,Negative
POST02005,2025-04-09 08:00,2025-04,YouTube,customer support,"Mixed feelings about customer support, some parts great some not.",9,2,Neutral,Neutral
POST01070,2025-09-26 09:00,2025-09,YouTube,laptop brand,Here's a quick overview of the new laptop brand update. 🤔,6,3,Neutral,Neutral
POST00477,2025-06-20 19:00,2025-06,YouTube,new smartphone,"Not happy at all with new smartphone, total waste of money. 👎",24,2,Negative,Negative
POST00158,2025-07-26 16:00,2025-07,Twitter,laptop brand,"Just started using laptop brand, will share my thoughts soon.",0,8,Neutral,Neutral
POST01244,2025-12-08 11:00,2025-12,Twitter,fitness tracker,"Not happy at all with fitness tracker, total waste of money. 😞",1,13,Negative,Negative
POST01196,2025-04-23 09:00,2025-04,Facebook,streaming app,"The customer service for streaming app was fantastic, quick and helpful. 🔥",15,11,Positive,Positive
POST00017,2025-02-03 06:00,2025-02,Facebook,customer support,"Feeling let down by customer support, it just doesn't work as promised. 👎",2,13,Negative,Negative
POST01536,2025-08-10 00:00,2025-08,YouTube,new smartphone,"Attended a webinar about new smartphone, learned a few things.",22,0,Neutral,Neutral
POST01073,2025-01-24 03:00,2025-01,YouTube,laptop brand,"Really impressed by how well laptop brand performs, well done! 👍",0,10,Positive,Positive
POST01992,2025-07-05 06:00,2025-07,YouTube,airline service,"The airline service is okay I guess, nothing special but works.",9,0,Neutral,Neutral
POST00547,2025-04-22 02:00,2025-04,YouTube,customer support,"The customer support was launched today, here are the specifications. 🤔",31,3,Neutral,Neutral
POST01540,2025-02-01 01:00,2025-02,Twitter,airline service,Comparing airline service with other options currently available.,4,7,Neutral,Neutral
POST00659,2025-05-18 11:00,2025-05,YouTube,new smartphone,"Absolutely loving the new smartphone, works flawlessly! #happy 👍",70,2,Positive,Positive
POST01640,2025-04-22 13:00,2025-04,Twitter,new smartphone,"The new smartphone exceeded my expectations, five stars from me.",35,3,Positive,Positive
POST01020,2025-12-19 10:00,2025-12,YouTube,e-commerce sale,"Great value for money with e-commerce sale, totally worth it. 🔥",1,24,Positive,Positive
POST01678,2025-03-15 08:00,2025-03,Facebook,cloud gaming service,Why is cloud gaming service so slow today? Getting really annoyed.,9,3,Positive,Negative
POST01505,2025-08-17 02:00,2025-08,YouTube,e-commerce sale,"Really impressed by how well e-commerce sale performs, well done! 🔥",24,6,Positive,Positive
POST00960,2025-12-26 21:00,2025-12,YouTube,cloud gaming service,"Can't stop recommending cloud gaming service to my friends, it's brilliant. 😊",22,1,Positive,Positive
POST01902,2025-07-05 19:00,2025-07,Twitter,airline service,"The airline service is okay I guess, nothing special but works.",1,4,Neutral,Neutral
POST00284,2025-07-10 17:00,2025-07,YouTube,cloud gaming service,"The cloud gaming service keeps crashing, so frustrating to deal with. 😡",0,5,Negative,Negative
POST00798,2025-05-29 21:00,2025-05,Twitter,cloud gaming service,"Just tried the cloud gaming service and I'm impressed, great experience overall. 👍",14,1,Positive,Positive
POST01641,2025-12-31 17:00,2025-12,Twitter,new movie release,"Attended a webinar about new movie release, learned a few things. 🤔",16,3,Neutral,Neutral
POST00226,2025-02-04 02:00,2025-02,YouTube,cloud gaming service,"The cloud gaming service was launched today, here are the specifications. 🤔",1,2,Neutral,Neutral
POST00027,2025-11-24 16:00,2025-11,Facebook,cloud gaming service,"The customer service for cloud gaming service was fantastic, quick and helpful. 🔥",3,15,Positive,Positive
POST01789,2025-12-30 06:00,2025-12,Facebook,new smartphone,"The new smartphone keeps crashing, so frustrating to deal with. 😞",55,3,Negative,Negative
POST00438,2025-04-11 10:00,2025-04,Instagram,online banking app,"Saw an ad for online banking app today, might check it out later.",9,6,Neutral,Neutral
POST01969,2025-08-21 17:00,2025-08,Instagram,food delivery app,"Mixed feelings about food delivery app, some parts great some not.",9,1,Neutral,Neutral
POST01389,2025-09-27 18:00,2025-09,Twitter,e-commerce sale,"Worst experience ever with e-commerce sale, would not recommend.",5,1,Neutral,Negative
POST00230,2025-10-23 16:00,2025-10,Twitter,laptop brand,"Huge shoutout to the team behind laptop brand, amazing job! 🔥",36,1,Neutral,Positive
POST00038,2025-04-20 17:00,2025-04,YouTube,online banking app,"Best online banking app I've used so far, highly recommend it to everyone!",66,13,Positive,Positive
POST00750,2025-02-23 12:00,2025-02,Instagram,electric car,"Attended a webinar about electric car, learned a few things.",10,0,Neutral,Neutral
POST01046,2025-02-04 13:00,2025-02,YouTube,laptop brand,"Extremely poor service from laptop brand, never again. 😡",16,5,Negative,Negative
POST01399,2025-03-03 09:00,2025-03,Instagram,cloud gaming service,"The cloud gaming service update ruined everything, please fix this asap.",2,0,Negative,Negative
POST00470,2025-11-02 19:00,2025-11,Twitter,fitness tracker,Here's a quick overview of the new fitness tracker update.,10,8,Neutral,Neutral
POST01709,2025-06-24 23:00,2025-06,Twitter,airline service,"Attended a webinar about airline service, learned a few things. 🤔",11,3,Neutral,Neutral
POST01988,2025-05-21 02:00,2025-05,Twitter,online banking app,"Mixed feelings about online banking app, some parts great some not.",0,1,Neutral,Neutral
POST00688,2025-04-25 23:00,2025-04,Facebook,food delivery app,"Terrible customer support for food delivery app, waited hours for a reply.",19,2,Negative,Negative
POST01862,2025-04-26 21:00,2025-04,Facebook,laptop brand,Loved the laptop brand at first but the recent update is buggy.,10,2,Positive,Negative
POST00640,2025-03-01 09:00,2025-03,YouTube,airline service,"Not happy at all with airline service, total waste of money.",5,2,Negative,Negative
POST01729,2025-05-06 01:00,2025-05,YouTube,streaming app,"The streaming app was launched today, here are the specifications. 🤔",34,4,Neutral,Neutral
POST01219,2025-11-14 11:00,2025-11,YouTube,online banking app,"Just tried the online banking app and I'm impressed, great experience overall. 🔥",5,3,Positive,Positive
POST01159,2025-07-16 21:00,2025-07,Twitter,streaming app,"Saw an ad for streaming app today, might check it out later.",19,12,Neutral,Neutral
POST01416,2025-01-07 05:00,2025-01,Twitter,customer support,The customer support is scheduled for release next week.,3,0,Neutral,Neutral
POST01528,2025-12-21 21:00,2025-12,Twitter,food delivery app,"Really impressed by how well food delivery app performs, well done!",38,11,Positive,Positive
POST01671,2025-05-05 15:00,2025-05,Instagram,electric car,"Absolutely loving the electric car, works flawlessly! #happy 👍",30,6,Positive,Positive
POST01301,2025-08-27 06:00,2025-08,YouTube,cloud gaming service,"Terrible customer support for cloud gaming service, waited hours for a reply.",5,9,Negative,Negative
POST01841,2025-08-15 07:00,2025-08,Instagram,cloud gaming service,"Decent cloud gaming service, does the job but support could be faster.",16,1,Neutral,Neutral
POST00801,2025-09-06 14:00,2025-09,Facebook,food delivery app,"Super smooth experience with food delivery app today, very happy customer here.",1,4,Positive,Positive
POST01604,2025-05-30 21:00,2025-05,Instagram,food delivery app,"Read an article about food delivery app today, fairly informative. 🤔",2,7,Neutral,Neutral
POST00161,2025-12-24 15:00,2025-12,YouTube,online banking app,"The online banking app keeps crashing, so frustrating to deal with. 😡",14,2,Negative,Negative
POST00957,2025-02-21 23:00,2025-02,Twitter,fitness tracker,"Huge shoutout to the team behind fitness tracker, amazing job!",10,17,Positive,Positive
POST01187,2025-09-21 03:00,2025-09,YouTube,new smartphone,"Just tried the new smartphone and I'm impressed, great experience overall. 🔥",15,2,Positive,Positive
POST00822,2025-04-28 02:00,2025-04,Instagram,new movie release,"Extremely poor service from new movie release, never again. 👎",11,0,Negative,Negative
POST01698,2025-06-28 13:00,2025-06,Twitter,customer support,"Great value for money with customer support, totally worth it. 😊",44,1,Positive,Positive
POST00878,2025-09-15 11:00,2025-09,Twitter,new movie release,"Not happy at all with new movie release, total waste of money. 😞",0,0,Negative,Negative
POST00914,2025-01-05 13:00,2025-01,Facebook,new movie release,"The new movie release exceeded my expectations, five stars from me.",11,2,Positive,Positive
POST00153,2025-09-23 20:00,2025-09,YouTube,streaming app,"Great value for money with streaming app, totally worth it. 👍",15,0,Positive,Positive
POST01855,2025-04-14 04:00,2025-04,Twitter,electric car,"Decent electric car, does the job but support could be faster.",2,2,Neutral,Neutral
POST01795,2025-12-17 07:00,2025-12,Twitter,fitness tracker,"Absolutely loving the fitness tracker, works flawlessly! #happy 👍",0,8,Positive,Positive
POST00510,2025-09-07 20:00,2025-09,Instagram,customer support,"Really impressed by how well customer support performs, well done! 🔥",40,6,Positive,Positive
POST01136,2025-02-20 08:00,2025-02,Facebook,online banking app,"Attended a webinar about online banking app, learned a few things.",23,24,Neutral,Neutral
POST01251,2025-10-12 14:00,2025-10,Instagram,customer support,"Attended a webinar about customer support, learned a few things. 🤔",28,1,Neutral,Neutral
POST01680,2025-12-23 13:00,2025-12,Twitter,airline service,"Read an article about airline service today, fairly informative.",15,10,Neutral,Neutral
POST00104,2025-11-15 17:00,2025-11,Instagram,new movie release,"Absolutely loving the new movie release, works flawlessly! #happy ❤️",14,0,Positive,Positive
POST01446,2025-09-17 15:00,2025-09,YouTube,electric car,"Just tried the electric car and I'm impressed, great experience overall. 🔥",22,18,Positive,Positive
POST01444,2025-10-15 01:00,2025-10,Twitter,e-commerce sale,"Read an article about e-commerce sale today, fairly informative. 🤔",3,0,Neutral,Neutral
POST01756,2025-12-17 17:00,2025-12,Twitter,airline service,"Not happy at all with airline service, total waste of money. 😡",4,2,Negative,Negative
POST00587,2025-03-11 18:00,2025-03,Instagram,airline service,"Just tried the airline service and I'm impressed, great experience overall. 🔥",19,4,Positive,Positive
POST01787,2025-10-02 08:00,2025-10,Instagram,customer support,"The customer support was launched today, here are the specifications.",8,3,Neutral,Neutral
POST01144,2025-05-10 09:00,2025-05,Instagram,airline service,"The airline service update ruined everything, please fix this asap. 😡",10,18,Negative,Negative
POST00054,2025-03-09 21:00,2025-03,YouTube,online banking app,The online banking app has some new features this month.,5,4,Neutral,Neutral
POST00152,2025-12-11 08:00,2025-12,Twitter,food delivery app,"Attended a webinar about food delivery app, learned a few things. 🤔",1,2,Neutral,Neutral
POST00404,2025-10-26 15:00,2025-10,Instagram,airline service,"The airline service was launched today, here are the specifications.",6,2,Neutral,Neutral
POST01963,2025-07-15 09:00,2025-07,YouTube,streaming app,"The streaming app is fine, price is a bit high though.",1,4,Neutral,Neutral
POST00208,2025-02-01 12:00,2025-02,Facebook,fitness tracker,"The fitness tracker exceeded my expectations, five stars from me. 🔥",11,5,Positive,Positive
POST01915,2025-09-14 16:00,2025-09,Instagram,electric car,Loved the electric car at first but the recent update is buggy.,7,0,Negative,Negative
POST01123,2025-12-03 09:00,2025-12,Twitter,streaming app,"The customer service for streaming app was fantastic, quick and helpful. 😊",7,1,Positive,Positive
POST01768,2025-06-06 13:00,2025-06,Twitter,online banking app,"Super smooth experience with online banking app today, very happy customer here. 😊",35,17,Positive,Positive
POST00009,2025-02-10 17:00,2025-02,YouTube,airline service,"Terrible customer support for airline service, waited hours for a reply. 👎",18,0,Negative,Negative
POST01015,2025-12-19 15:00,2025-12,Twitter,laptop brand,"Best laptop brand I've used so far, highly recommend it to everyone!",12,10,Positive,Positive
POST01814,2025-07-05 23:00,2025-07,Facebook,laptop brand,Loved the laptop brand at first but the recent update is buggy.,40,1,Negative,Negative
POST01061,2025-09-24 09:00,2025-09,Twitter,electric car,"The customer service for electric car was fantastic, quick and helpful. 👍",8,2,Positive,Positive
POST00453,2025-08-11 20:00,2025-08,YouTube,airline service,Here's a quick overview of the new airline service update. 🤔,6,1,Neutral,Neutral
POST01676,2025-12-21 09:00,2025-12,Facebook,customer support,"Extremely poor service from customer support, never again.",3,0,Negative,Negative
POST00254,2025-09-29 16:00,2025-09,Twitter,fitness tracker,"Saw an ad for fitness tracker today, might check it out later.",1,1,Neutral,Neutral
POST01328,2025-04-20 21:00,2025-04,YouTube,e-commerce sale,The e-commerce sale is scheduled for release next week.,3,1,Neutral,Neutral
POST00897,2025-02-06 02:00,2025-02,YouTube,cloud gaming service,"Worst experience ever with cloud gaming service, would not recommend. 👎",6,3,Negative,Negative
POST01911,2025-01-13 18:00,2025-01,Instagram,airline service,"The airline service is fine, price is a bit high though.",1,9,Neutral,Neutral
POST00881,2025-06-16 11:00,2025-06,Twitter,e-commerce sale,"The customer service for e-commerce sale was fantastic, quick and helpful. 👍",2,12,Positive,Positive
POST01596,2025-09-13 21:00,2025-09,Twitter,electric car,"Super smooth experience with electric car today, very happy customer here. 👍",52,18,Positive,Positive
POST01909,2025-06-11 12:00,2025-06,Instagram,customer support,"Decent customer support, does the job but support could be faster.",20,1,Neutral,Neutral
POST00624,2025-06-19 23:00,2025-06,Instagram,new movie release,"The new movie release was launched today, here are the specifications. 🤔",20,0,Neutral,Neutral
POST00346,2025-05-08 05:00,2025-05,YouTube,e-commerce sale,"The e-commerce sale broke down after just one week, very poor quality. 👎",4,5,Negative,Negative
POST01719,2025-07-20 09:00,2025-07,YouTube,streaming app,"Worst experience ever with streaming app, would not recommend. 😡",4,0,Negative,Negative
POST00263,2025-08-19 18:00,2025-08,Twitter,new movie release,Why is new movie release so slow today? Getting really annoyed. 👎,6,2,Negative,Negative
POST01635,2025-10-15 20:00,2025-10,Facebook,laptop brand,"Huge shoutout to the team behind laptop brand, amazing job!",9,20,Positive,Positive
POST01322,2025-10-24 03:00,2025-10,Twitter,food delivery app,"Feeling let down by food delivery app, it just doesn't work as promised. 👎",0,6,Negative,Negative
POST01439,2025-03-31 16:00,2025-03,Instagram,cloud gaming service,"Just started using cloud gaming service, will share my thoughts soon. 🤔",2,5,Neutral,Neutral
POST00151,2025-11-06 08:00,2025-11,Facebook,customer support,"Just started using customer support, will share my thoughts soon. 🤔",9,2,Neutral,Neutral
POST00473,2025-05-18 15:00,2025-05,Facebook,online banking app,"Best online banking app I've used so far, highly recommend it to everyone! 😊",3,4,Positive,Positive
POST00641,2025-02-16 20:00,2025-02,Facebook,new movie release,"Extremely poor service from new movie release, never again.",0,3,Negative,Negative
POST02003,2025-06-28 22:00,2025-06,Twitter,food delivery app,"Mixed feelings about food delivery app, some parts great some not.",4,0,Neutral,Neutral
POST01903,2025-05-25 05:00,2025-05,Instagram,new smartphone,"Decent new smartphone, does the job but support could be faster.",0,3,Neutral,Neutral
POST00551,2025-07-20 09:00,2025-07,Instagram,fitness tracker,"Absolutely loving the fitness tracker, works flawlessly! #happy 🔥",9,2,Positive,Positive
POST01798,2025-05-08 08:00,2025-05,Instagram,electric car,"The electric car keeps crashing, so frustrating to deal with. 👎",24,3,Negative,Negative
POST00929,2025-04-12 14:00,2025-04,Twitter,electric car,"The electric car was launched today, here are the specifications. 🤔",3,12,Neutral,Neutral
POST00489,2025-10-16 20:00,2025-10,Twitter,cloud gaming service,Comparing cloud gaming service with other options currently available.,0,15,Neutral,Neutral
POST01830,2025-06-05 07:00,2025-06,Facebook,electric car,"The electric car is fine, price is a bit high though.",37,12,Neutral,Neutral
POST01172,2025-02-02 03:00,2025-02,Facebook,streaming app,The streaming app has some new features this month. 🤔,22,11,Neutral,Neutral
POST00147,2025-10-06 07:00,2025-10,Twitter,customer support,"Worst experience ever with customer support, would not recommend. 👎",1,0,Negative,Negative
POST01721,2025-02-06 16:00,2025-02,YouTube,customer support,"Terrible customer support for customer support, waited hours for a reply. 👎",0,1,Negative,Negative
POST01949,2025-01-06 17:00,2025-01,YouTube,electric car,"Decent electric car, does the job but support could be faster.",5,2,Neutral,Neutral
POST00403,2025-03-26 10:00,2025-03,Instagram,e-commerce sale,"Extremely poor service from e-commerce sale, never again.",7,1,Negative,Negative
POST00955,2025-07-08 22:00,2025-07,YouTube,fitness tracker,"Just started using fitness tracker, will share my thoughts soon.",10,2,Neutral,Neutral
POST01898,2025-04-23 12:00,2025-04,Twitter,customer support,Loved the customer support at first but the recent update is buggy.,4,2,Negative,Negative
POST00660,2025-05-24 15:00,2025-05,Facebook,online banking app,"The online banking app keeps crashing, so frustrating to deal with. 😞",24,7,Negative,Negative
POST01373,2025-10-13 01:00,2025-10,Twitter,airline service,"Just started using airline service, will share my thoughts soon.",6,0,Neutral,Neutral
POST00464,2025-02-13 19:00,2025-02,YouTube,cloud gaming service,"Terrible customer support for cloud gaming service, waited hours for a reply. 😞",3,0,Negative,Negative
POST01350,2025-02-16 07:00,2025-02,Facebook,online banking app,"Terrible customer support for online banking app, waited hours for a reply. 😞",22,0,Negative,Negative
POST00187,2025-08-22 09:00,2025-08,Facebook,electric car,"Saw an ad for electric car today, might check it out later.",11,4,Neutral,Neutral
POST01148,2025-04-13 19:00,2025-04,YouTube,airline service,"Not happy at all with airline service, total waste of money. 😞",2,21,Negative,Negative
POST01225,2025-07-30 18:00,2025-07,Facebook,food delivery app,Here's a quick overview of the new food delivery app update.,1,3,Neutral,Neutral
POST00609,2025-05-17 17:00,2025-05,Instagram,food delivery app,"Really disappointed with food delivery app, expected way better. 😞",9,0,Negative,Negative
POST00144,2025-12-19 19:00,2025-12,YouTube,customer support,"Great value for money with customer support, totally worth it. 👍",3,11,Positive,Positive
POST00752,2025-05-31 14:00,2025-05,Facebook,customer support,"Not sure yet what to think about customer support, still testing it out. 🤔",25,3,Neutral,Neutral
POST01535,2025-06-18 09:00,2025-06,Instagram,food delivery app,"The food delivery app was launched today, here are the specifications. 🤔",5,5,Neutral,Neutral
POST00982,2025-10-14 06:00,2025-10,YouTube,streaming app,"The streaming app update ruined everything, please fix this asap.",17,0,Negative,Negative
POST00198,2025-07-22 00:00,2025-07,Twitter,laptop brand,"Terrible customer support for laptop brand, waited hours for a reply. 😡",2,1,Negative,Negative
POST01634,2025-03-27 01:00,2025-03,Instagram,airline service,Comparing airline service with other options currently available. 🤔,0,2,Neutral,Neutral
POST00884,2025-07-06 12:00,2025-07,Facebook,electric car,"Terrible customer support for electric car, waited hours for a reply.",2,1,Negative,Negative
POST00280,2025-08-18 07:00,2025-08,Facebook,new movie release,"Really impressed by how well new movie release performs, well done! 🔥",21,8,Positive,Positive
POST00294,2025-09-13 19:00,2025-09,Twitter,airline service,"Really impressed by how well airline service performs, well done! 😊",6,8,Positive,Positive
POST01842,2025-10-25 20:00,2025-10,Instagram,online banking app,"Decent online banking app, does the job but support could be faster.",5,5,Neutral,Neutral
POST00401,2025-09-28 22:00,2025-09,YouTube,fitness tracker,Here's a quick overview of the new fitness tracker update. 🤔,0,0,Neutral,Neutral
POST00123,2025-05-13 10:00,2025-05,Facebook,food delivery app,The food delivery app has some new features this month.,28,0,Neutral,Neutral
POST01208,2025-11-17 14:00,2025-11,Facebook,streaming app,"Absolutely loving the streaming app, works flawlessly! #happy 😊",6,16,Positive,Positive
POST00203,2025-06-05 15:00,2025-06,Twitter,new smartphone,"Just tried the new smartphone and I'm impressed, great experience overall. 😊",11,5,Positive,Positive
POST01463,2025-07-10 08:00,2025-07,Twitter,electric car,"Read an article about electric car today, fairly informative.",0,0,Neutral,Neutral
POST00836,2025-09-30 16:00,2025-09,Twitter,new movie release,"Just tried the new movie release and I'm impressed, great experience overall. 😊",48,4,Positive,Positive
POST00247,2025-02-06 12:00,2025-02,Facebook,fitness tracker,"Really disappointed with fitness tracker, expected way better.",5,2,Negative,Negative
POST01440,2025-02-28 19:00,2025-02,YouTube,laptop brand,"Huge shoutout to the team behind laptop brand, amazing job! 😊",12,5,Positive,Positive
POST01734,2025-01-12 18:00,2025-01,Instagram,cloud gaming service,"The customer service for cloud gaming service was fantastic, quick and helpful.",9,32,Positive,Positive
POST01771,2025-08-06 21:00,2025-08,Twitter,new movie release,"Really impressed by how well new movie release performs, well done! 🔥",23,20,Positive,Positive
POST01922,2025-03-24 02:00,2025-03,Facebook,streaming app,"Decent streaming app, does the job but support could be faster.",3,1,Neutral,Neutral
POST01708,2025-05-13 03:00,2025-05,Instagram,food delivery app,The food delivery app has some new features this month. 🤔,0,2,Neutral,Neutral
POST01901,2025-04-10 08:00,2025-04,YouTube,laptop brand,"The laptop brand is okay I guess, nothing special but works.",3,1,Neutral,Neutral
POST01154,2025-09-21 22:00,2025-09,Twitter,e-commerce sale,"The e-commerce sale update ruined everything, please fix this asap.",3,0,Negative,Negative
POST01662,2025-10-11 23:00,2025-10,Instagram,online banking app,"Not sure yet what to think about online banking app, still testing it out.",9,0,Neutral,Neutral
POST01427,2025-07-24 15:00,2025-07,YouTube,new smartphone,"Really impressed by how well new smartphone performs, well done!",12,1,Positive,Positive
POST00385,2025-04-06 23:00,2025-04,YouTube,customer support,"Terrible customer support for customer support, waited hours for a reply. 😡",13,3,Negative,Negative
POST01776,2025-07-07 04:00,2025-07,Twitter,streaming app,"Extremely poor service from streaming app, never again. 👎",1,0,Negative,Negative
POST00855,2025-11-03 16:00,2025-11,Twitter,food delivery app,"Really impressed by how well food delivery app performs, well done! 🔥",1,4,Positive,Positive
POST01590,2025-10-24 20:00,2025-10,YouTube,customer support,"Absolutely loving the customer support, works flawlessly! #happy ❤️",30,3,Positive,Positive
POST00220,2025-11-08 04:00,2025-11,Facebook,airline service,"Just tried the airline service and I'm impressed, great experience overall. 🔥",25,6,Positive,Positive
POST00642,2025-07-15 11:00,2025-07,Facebook,streaming app,"Best streaming app I've used so far, highly recommend it to everyone! ❤️",39,0,Positive,Positive
POST00002,2025-02-22 21:00,2025-02,Instagram,food delivery app,"Extremely poor service from food delivery app, never again. 😡",2,0,Negative,Negative
POST00113,2025-03-25 09:00,2025-03,Twitter,electric car,"The electric car was launched today, here are the specifications. 🤔",14,2,Neutral,Neutral
POST00699,2025-07-11 00:00,2025-07,Instagram,fitness tracker,"Super smooth experience with fitness tracker today, very happy customer here.",39,6,Positive,Positive
POST01936,2025-02-03 10:00,2025-02,Facebook,customer support,Loved the customer support at first but the recent update is buggy.,19,1,Negative,Negative
POST00952,2025-12-03 15:00,2025-12,YouTube,e-commerce sale,"Read an article about e-commerce sale today, fairly informative.",1,2,Neutral,Neutral
POST01649,2025-06-18 04:00,2025-06,YouTube,food delivery app,The food delivery app has some new features this month.,33,3,Neutral,Neutral
POST01637,2025-06-15 05:00,2025-06,Facebook,airline service,"Just started using airline service, will share my thoughts soon.",9,8,Neutral,Neutral
POST01766,2025-04-04 14:00,2025-04,YouTube,electric car,"Super smooth experience with electric car today, very happy customer here. ❤️",15,7,Positive,Positive
POST01411,2025-02-28 23:00,2025-02,Twitter,fitness tracker,"The fitness tracker update ruined everything, please fix this asap. 😞",9,1,Negative,Negative
POST01410,2025-07-01 08:00,2025-07,Facebook,new movie release,"Feeling let down by new movie release, it just doesn't work as promised. 😡",7,0,Positive,Negative
POST01534,2025-12-20 13:00,2025-12,Instagram,electric car,"Just tried the electric car and I'm impressed, great experience overall. 🔥",5,12,Positive,Positive
POST01292,2025-07-25 22:00,2025-07,YouTube,streaming app,"Attended a webinar about streaming app, learned a few things. 🤔",0,2,Neutral,Neutral
POST01827,2025-07-25 19:00,2025-07,YouTube,customer support,"The customer support is fine, price is a bit high though.",2,2,Neutral,Neutral
POST00442,2025-12-09 01:00,2025-12,Twitter,new smartphone,"Absolutely loving the new smartphone, works flawlessly! #happy ❤️",93,3,Negative,Positive
POST01521,2025-05-24 21:00,2025-05,Twitter,electric car,Here's a quick overview of the new electric car update. 🤔,4,8,Neutral,Neutral
POST01137,2025-12-11 18:00,2025-12,Instagram,new movie release,"Huge shoutout to the team behind new movie release, amazing job!",1,4,Positive,Positive
POST01716,2025-05-21 22:00,2025-05,Twitter,online banking app,"Attended a webinar about online banking app, learned a few things.",12,9,Neutral,Neutral
POST01257,2025-05-22 15:00,2025-05,Twitter,new smartphone,"Just tried the new smartphone and I'm impressed, great experience overall.",3,6,Positive,Positive
POST01883,2025-05-05 06:00,2025-05,YouTube,streaming app,"Mixed feelings about streaming app, some parts great some not.",26,0,Neutral,Neutral
POST01632,2025-01-09 13:00,2025-01,Twitter,food delivery app,"Absolutely loving the food delivery app, works flawlessly! #happy 😊",12,0,Positive,Positive
POST01696,2025-01-09 20:00,2025-01,Facebook,cloud gaming service,"The cloud gaming service broke down after just one week, very poor quality. 😡",17,0,Negative,Negative
POST01398,2025-03-25 12:00,2025-03,Instagram,new smartphone,Comparing new smartphone with other options currently available.,8,5,Neutral,Neutral
POST00664,2025-12-30 16:00,2025-12,Facebook,airline service,Comparing airline service with other options currently available. 🤔,17,0,Neutral,Neutral
POST01854,2025-10-05 23:00,2025-10,Twitter,new smartphone,"The new smartphone is okay I guess, nothing special but works.",7,1,Neutral,Neutral
POST01258,2025-10-25 15:00,2025-10,Facebook,electric car,"Attended a webinar about electric car, learned a few things.",5,5,Neutral,Neutral
POST01792,2025-09-08 17:00,2025-09,YouTube,airline service,The airline service is scheduled for release next week. 🤔,7,6,Neutral,Neutral
POST01701,2025-03-28 14:00,2025-03,YouTube,cloud gaming service,"The cloud gaming service keeps crashing, so frustrating to deal with.",10,3,Negative,Negative
POST00318,2025-02-09 18:00,2025-02,YouTube,laptop brand,"Worst experience ever with laptop brand, would not recommend. 👎",2,9,Negative,Negative
POST00649,2025-03-03 14:00,2025-03,Instagram,cloud gaming service,"Not sure yet what to think about cloud gaming service, still testing it out. 🤔",8,2,Neutral,Neutral
POST01435,2025-05-25 22:00,2025-05,Instagram,streaming app,"The streaming app was launched today, here are the specifications.",10,7,Neutral,Neutral
POST01480,2025-06-06 09:00,2025-06,Twitter,customer support,"Saw an ad for customer support today, might check it out later. 🤔",58,1,Neutral,Neutral
POST00710,2025-08-31 22:00,2025-08,Facebook,fitness tracker,"Best fitness tracker I've used so far, highly recommend it to everyone! 🔥",53,4,Positive,Positive
POST01383,2025-01-28 07:00,2025-01,Instagram,food delivery app,"Best food delivery app I've used so far, highly recommend it to everyone! 😊",12,10,Positive,Positive
POST01283,2025-08-14 21:00,2025-08,Instagram,laptop brand,"The laptop brand was launched today, here are the specifications. 🤔",9,5,Neutral,Neutral
POST01769,2025-02-09 23:00,2025-02,Twitter,cloud gaming service,Why is cloud gaming service so slow today? Getting really annoyed. 😡,9,2,Negative,Negative
POST00973,2025-11-01 20:00,2025-11,Twitter,electric car,The electric car has some new features this month. 🤔,22,2,Neutral,Neutral
POST00628,2025-08-03 05:00,2025-08,YouTube,customer support,Comparing customer support with other options currently available.,12,5,Neutral,Neutral
POST00633,2025-11-01 19:00,2025-11,Facebook,airline service,"The airline service update ruined everything, please fix this asap. 😡",2,1,Negative,Negative
POST01307,2025-12-04 17:00,2025-12,YouTube,cloud gaming service,"Extremely poor service from cloud gaming service, never again.",19,11,Positive,Negative
POST01401,2025-07-08 16:00,2025-07,Twitter,cloud gaming service,"Saw an ad for cloud gaming service today, might check it out later.",2,0,Neutral,Neutral
POST01409,2025-09-19 13:00,2025-09,Twitter,new smartphone,"Not happy at all with new smartphone, total waste of money. 😡",15,1,Negative,Negative
POST01249,2025-06-05 15:00,2025-06,Instagram,streaming app,"Really impressed by how well streaming app performs, well done! 👍",5,8,Positive,Positive
POST01973,2025-06-07 13:00,2025-06,Facebook,online banking app,"Decent online banking app, does the job but support could be faster.",1,4,Neutral,Neutral
POST01255,2025-11-24 20:00,2025-11,Facebook,online banking app,"The online banking app update ruined everything, please fix this asap. 😡",4,2,Negative,Negative
POST01497,2025-12-14 05:00,2025-12,YouTube,online banking app,"Just started using online banking app, will share my thoughts soon.",9,1,Neutral,Neutral
POST01372,2025-12-29 13:00,2025-12,YouTube,electric car,"The customer service for electric car was fantastic, quick and helpful. 👍",22,3,Positive,Positive
POST01530,2025-05-21 03:00,2025-05,YouTube,customer support,"Really impressed by how well customer support performs, well done! ❤️",27,10,Positive,Positive
POST01664,2025-02-06 10:00,2025-02,YouTube,fitness tracker,"Not sure yet what to think about fitness tracker, still testing it out.",44,3,Neutral,Neutral
POST01355,2025-01-27 20:00,2025-01,Twitter,new movie release,"Not sure yet what to think about new movie release, still testing it out.",3,8,Neutral,Neutral
POST01946,2025-08-08 10:00,2025-08,Twitter,new smartphone,Loved the new smartphone at first but the recent update is buggy.,2,0,Positive,Negative
POST01921,2025-02-18 14:00,2025-02,YouTube,airline service,"The airline service is fine, price is a bit high though.",8,6,Neutral,Neutral
POST01644,2025-01-10 19:00,2025-01,Facebook,airline service,"Attended a webinar about airline service, learned a few things.",6,1,Neutral,Neutral
POST01868,2025-11-16 09:00,2025-11,Facebook,cloud gaming service,Loved the cloud gaming service at first but the recent update is buggy.,1,0,Negative,Negative
POST00796,2025-04-24 19:00,2025-04,Instagram,streaming app,"Terrible customer support for streaming app, waited hours for a reply. 😞",5,3,Negative,Negative
POST00646,2025-07-18 16:00,2025-07,Twitter,fitness tracker,Comparing fitness tracker with other options currently available.,3,6,Neutral,Neutral
POST01013,2025-03-09 05:00,2025-03,Twitter,food delivery app,"Really disappointed with food delivery app, expected way better. 👎",47,0,Negative,Negative
POST01858,2025-11-18 17:00,2025-11,Facebook,electric car,"The electric car is fine, price is a bit high though.",1,5,Neutral,Neutral
POST00557,2025-08-05 22:00,2025-08,YouTube,cloud gaming service,"Can't stop recommending cloud gaming service to my friends, it's brilliant. 😊",42,3,Positive,Positive
POST00682,2025-01-14 20:00,2025-01,Instagram,cloud gaming service,"Great value for money with cloud gaming service, totally worth it. 👍",49,10,Positive,Positive
POST00578,2025-03-19 00:00,2025-03,Instagram,electric car,"Not happy at all with electric car, total waste of money. 😡",8,2,Negative,Negative
POST01110,2025-03-15 23:00,2025-03,Twitter,airline service,"The airline service update ruined everything, please fix this asap.",1,4,Negative,Negative
POST01267,2025-06-24 05:00,2025-06,YouTube,new movie release,"Just tried the new movie release and I'm impressed, great experience overall. 🔥",20,2,Positive,Positive
POST01723,2025-10-25 01:00,2025-10,Facebook,streaming app,"The streaming app exceeded my expectations, five stars from me. ❤️",3,1,Positive,Positive
POST01184,2025-12-10 01:00,2025-12,Instagram,streaming app,"Really disappointed with streaming app, expected way better. 👎",19,0,Negative,Negative
POST00525,2025-05-29 18:00,2025-05,Facebook,electric car,The electric car has some new features this month. 🤔,23,0,Neutral,Neutral
POST01060,2025-10-02 10:00,2025-10,YouTube,streaming app,The streaming app is scheduled for release next week.,20,4,Neutral,Neutral
POST00541,2025-09-23 21:00,2025-09,Instagram,streaming app,"The streaming app update ruined everything, please fix this asap. 😡",0,3,Negative,Negative
POST01195,2025-02-26 14:00,2025-02,Instagram,online banking app,"Great value for money with online banking app, totally worth it. ❤️",49,4,Positive,Positive
POST01679,2025-01-04 05:00,2025-01,Facebook,electric car,"Great value for money with electric car, totally worth it. 😊",11,7,Positive,Positive
POST00749,2025-09-18 05:00,2025-09,YouTube,customer support,"Attended a webinar about customer support, learned a few things. 🤔",8,0,Neutral,Neutral
POST01871,2025-07-19 14:00,2025-07,Instagram,laptop brand,Loved the laptop brand at first but the recent update is buggy.,1,4,Negative,Negative
POST01431,2025-01-11 05:00,2025-01,YouTube,electric car,"Terrible customer support for electric car, waited hours for a reply. 😞",0,3,Negative,Negative
POST00485,2025-05-04 08:00,2025-05,Facebook,cloud gaming service,"Not sure yet what to think about cloud gaming service, still testing it out.",10,0,Neutral,Neutral
POST01758,2025-01-06 03:00,2025-01,Facebook,food delivery app,"Can't stop recommending food delivery app to my friends, it's brilliant. 🔥",8,12,Positive,Positive
POST00096,2025-06-21 10:00,2025-06,Facebook,food delivery app,"Really impressed by how well food delivery app performs, well done! 😊",15,6,Positive,Positive
POST01021,2025-01-22 19:00,2025-01,YouTube,customer support,"Can't stop recommending customer support to my friends, it's brilliant. 👍",2,7,Positive,Positive
POST00564,2025-03-27 11:00,2025-03,Facebook,laptop brand,"Not sure yet what to think about laptop brand, still testing it out.",2,2,Neutral,Neutral
POST01265,2025-02-19 17:00,2025-02,Facebook,online banking app,"Feeling let down by online banking app, it just doesn't work as promised. 👎",16,0,Negative,Negative
POST00743,2025-12-26 03:00,2025-12,Facebook,fitness tracker,"Absolutely loving the fitness tracker, works flawlessly! #happy 🔥",22,2,Positive,Positive
POST00864,2025-07-13 18:00,2025-07,YouTube,online banking app,"The online banking app update ruined everything, please fix this asap. 😞",20,6,Negative,Negative
POST01599,2025-07-15 06:00,2025-07,YouTube,laptop brand,"Can't stop recommending laptop brand to my friends, it's brilliant. 😊",9,1,Positive,Positive
POST01715,2025-03-16 23:00,2025-03,Facebook,streaming app,"Really disappointed with streaming app, expected way better. 👎",17,2,Negative,Negative
POST01485,2025-03-18 23:00,2025-03,YouTube,cloud gaming service,Here's a quick overview of the new cloud gaming service update. 🤔,19,8,Neutral,Neutral
POST00892,2025-07-04 17:00,2025-07,Facebook,online banking app,"Really impressed by how well online banking app performs, well done! 👍",55,2,Positive,Positive
POST01578,2025-04-22 09:00,2025-04,YouTube,food delivery app,"Can't stop recommending food delivery app to my friends, it's brilliant. ❤️",32,21,Positive,Positive
POST01039,2025-02-10 19:00,2025-02,YouTube,customer support,"The customer service for customer support was fantastic, quick and helpful. 😊",52,10,Positive,Positive
POST00207,2025-05-01 11:00,2025-05,YouTube,new movie release,"The new movie release was launched today, here are the specifications.",16,0,Neutral,Neutral
POST00393,2025-05-14 12:00,2025-05,Twitter,food delivery app,"Saw an ad for food delivery app today, might check it out later.",1,5,Neutral,Neutral
POST00795,2025-04-19 13:00,2025-04,Facebook,food delivery app,"Read an article about food delivery app today, fairly informative. 🤔",6,1,Neutral,Neutral
POST00871,2025-04-04 23:00,2025-04,Facebook,e-commerce sale,"Saw an ad for e-commerce sale today, might check it out later.",0,1,Neutral,Neutral
POST00398,2025-03-10 15:00,2025-03,Instagram,food delivery app,"Worst experience ever with food delivery app, would not recommend.",5,3,Neutral,Negative
POST00767,2025-09-21 03:00,2025-09,Instagram,streaming app,"Can't stop recommending streaming app to my friends, it's brilliant. 😊",10,12,Positive,Positive
POST01860,2025-03-14 00:00,2025-03,YouTube,airline service,"Decent airline service, does the job but support could be faster.",1,4,Neutral,Neutral
POST01242,2025-12-13 21:00,2025-12,YouTube,fitness tracker,"Just tried the fitness tracker and I'm impressed, great experience overall.",11,21,Positive,Positive
POST01029,2025-08-21 18:00,2025-08,Instagram,new smartphone,Why is new smartphone so slow today? Getting really annoyed.,13,2,Negative,Negative
POST01793,2025-09-14 23:00,2025-09,YouTube,laptop brand,"Not happy at all with laptop brand, total waste of money. 😞",5,6,Negative,Negative
POST00643,2025-08-14 14:00,2025-08,Facebook,new smartphone,"Terrible customer support for new smartphone, waited hours for a reply. 😞",7,4,Negative,Negative
POST01912,2025-05-29 05:00,2025-05,Twitter,new movie release,"Mixed feelings about new movie release, some parts great some not.",17,5,Neutral,Neutral
POST00613,2025-03-31 15:00,2025-03,Facebook,new movie release,"Absolutely loving the new movie release, works flawlessly! #happy 😊",10,21,Positive,Positive
POST01763,2025-05-13 00:00,2025-05,Instagram,new movie release,"Read an article about new movie release today, fairly informative. 🤔",0,0,Neutral,Neutral
POST00961,2025-10-09 12:00,2025-10,Instagram,streaming app,"Really impressed by how well streaming app performs, well done! 👍",48,1,Positive,Positive
POST01571,2025-10-02 09:00,2025-10,Instagram,new smartphone,"Worst experience ever with new smartphone, would not recommend. 👎",7,1,Negative,Negative
POST00726,2025-10-30 15:00,2025-10,YouTube,airline service,"Attended a webinar about airline service, learned a few things.",3,4,Neutral,Neutral
POST00684,2025-06-25 23:00,2025-06,Instagram,electric car,"Huge shoutout to the team behind electric car, amazing job!",15,5,Positive,Positive
POST00099,2025-04-16 13:00,2025-04,Twitter,customer support,"Can't stop recommending customer support to my friends, it's brilliant.",18,11,Positive,Positive
POST00805,2025-12-14 23:00,2025-12,Instagram,laptop brand,"The laptop brand broke down after just one week, very poor quality.",0,2,Negative,Negative
POST01752,2025-12-22 04:00,2025-12,YouTube,cloud gaming service,"Really impressed by how well cloud gaming service performs, well done! 🔥",49,5,Positive,Positive
POST01598,2025-10-18 01:00,2025-10,Twitter,laptop brand,"Not sure yet what to think about laptop brand, still testing it out. 🤔",0,1,Neutral,Neutral
POST00407,2025-01-02 23:00,2025-01,Facebook,customer support,Why is customer support so slow today? Getting really annoyed. 😡,3,12,Negative,Negative
POST00503,2025-04-11 14:00,2025-04,Facebook,laptop brand,"The laptop brand keeps crashing, so frustrating to deal with. 👎",9,3,Negative,Negative
POST01072,2025-01-03 09:00,2025-01,Twitter,customer support,"Really disappointed with customer support, expected way better. 😡",3,0,Negative,Negative
POST01057,2025-12-18 10:00,2025-12,Twitter,new smartphone,Here's a quick overview of the new new smartphone update.,6,4,Neutral,Neutral
POST00930,2025-12-15 09:00,2025-12,YouTube,new movie release,"Super smooth experience with new movie release today, very happy customer here. 🔥",75,42,Positive,Positive
POST00780,2025-03-27 17:00,2025-03,Twitter,airline service,"Really impressed by how well airline service performs, well done! 😊",3,4,Positive,Positive
POST01864,2025-05-25 11:00,2025-05,Twitter,food delivery app,"The food delivery app is okay I guess, nothing special but works.",10,0,Neutral,Neutral
POST00201,2025-11-09 07:00,2025-11,Facebook,new smartphone,"Just tried the new smartphone and I'm impressed, great experience overall. ❤️",8,1,Positive,Positive
POST00135,2025-10-21 09:00,2025-10,Twitter,airline service,"The airline service update ruined everything, please fix this asap.",21,1,Negative,Negative
POST01052,2025-12-29 09:00,2025-12,Instagram,streaming app,Why is streaming app so slow today? Getting really annoyed. 😡,7,4,Negative,Negative
POST00041,2025-01-28 21:00,2025-01,YouTube,customer support,"The customer support was launched today, here are the specifications. 🤔",27,1,Neutral,Neutral
POST01018,2025-07-29 00:00,2025-07,Twitter,food delivery app,"Terrible customer support for food delivery app, waited hours for a reply.",3,1,Negative,Negative
POST00231,2025-04-25 03:00,2025-04,YouTube,cloud gaming service,"Super smooth experience with cloud gaming service today, very happy customer here.",13,5,Positive,Positive
POST01514,2025-06-24 06:00,2025-06,Facebook,food delivery app,"Great value for money with food delivery app, totally worth it.",4,5,Positive,Positive
POST01797,2025-08-08 07:00,2025-08,Twitter,new movie release,"Feeling let down by new movie release, it just doesn't work as promised. 😞",23,0,Negative,Negative
POST00379,2025-12-09 16:00,2025-12,Twitter,food delivery app,Why is food delivery app so slow today? Getting really annoyed. 😞,0,7,Negative,Negative
POST00289,2025-11-29 10:00,2025-11,Twitter,laptop brand,"Worst experience ever with laptop brand, would not recommend. 😞",9,0,Negative,Negative
POST00419,2025-09-15 09:00,2025-09,Instagram,new smartphone,Why is new smartphone so slow today? Getting really annoyed. 👎,6,0,Negative,Negative
POST01699,2025-05-31 19:00,2025-05,YouTube,electric car,"Huge shoutout to the team behind electric car, amazing job! 🔥",14,14,Positive,Positive
POST00392,2025-04-05 04:00,2025-04,Twitter,customer support,"Great value for money with customer support, totally worth it. 👍",25,6,Positive,Positive
POST00593,2025-08-20 17:00,2025-08,YouTube,new smartphone,"Extremely poor service from new smartphone, never again. 😞",6,1,Negative,Negative
POST01523,2025-09-10 22:00,2025-09,Facebook,new smartphone,"The customer service for new smartphone was fantastic, quick and helpful. 🔥",6,1,Positive,Positive
POST01163,2025-01-09 01:00,2025-01,YouTube,new movie release,"Super smooth experience with new movie release today, very happy customer here. 😊",1,0,Positive,Positive
POST01087,2025-12-25 21:00,2025-12,Instagram,customer support,"Super smooth experience with customer support today, very happy customer here. 👍",56,1,Positive,Positive
POST01496,2025-04-04 08:00,2025-04,Instagram,online banking app,"The online banking app was launched today, here are the specifications. 🤔",0,1,Neutral,Neutral
POST00648,2025-09-15 18:00,2025-09,Twitter,electric car,"Really impressed by how well electric car performs, well done!",38,9,Positive,Positive
POST01153,2025-05-17 04:00,2025-05,YouTube,cloud gaming service,"The cloud gaming service broke down after just one week, very poor quality.",14,4,Negative,Negative
POST01368,2025-08-03 05:00,2025-08,Instagram,online banking app,"Not happy at all with online banking app, total waste of money. 😞",9,0,Negative,Negative
POST00521,2025-08-13 03:00,2025-08,Twitter,laptop brand,"Huge shoutout to the team behind laptop brand, amazing job! 🔥",6,12,Positive,Positive
POST01863,2025-09-09 05:00,2025-09,Twitter,cloud gaming service,"Mixed feelings about cloud gaming service, some parts great some not.",7,0,Neutral,Neutral
POST01881,2025-03-10 03:00,2025-03,YouTube,fitness tracker,"Decent fitness tracker, does the job but support could be faster.",4,24,Neutral,Neutral
POST00065,2025-02-08 22:00,2025-02,Twitter,new smartphone,"Not sure yet what to think about new smartphone, still testing it out. 🤔",12,1,Neutral,Neutral
POST01837,2025-07-29 19:00,2025-07,Instagram,electric car,"Decent electric car, does the job but support could be faster.",0,4,Neutral,Neutral
POST00015,2025-05-19 20:00,2025-05,YouTube,new movie release,"Really impressed by how well new movie release performs, well done! 🔥",60,2,Positive,Positive
POST01181,2025-03-02 16:00,2025-03,Instagram,food delivery app,"Just tried the food delivery app and I'm impressed, great experience overall.",41,1,Positive,Positive
POST01065,2025-06-07 22:00,2025-06,Twitter,e-commerce sale,Here's a quick overview of the new e-commerce sale update. 🤔,4,1,Neutral,Neutral
POST00493,2025-02-13 03:00,2025-02,YouTube,online banking app,"Not sure yet what to think about online banking app, still testing it out.",17,6,Neutral,Neutral
POST00380,2025-07-31 10:00,2025-07,Twitter,new smartphone,"The new smartphone update ruined everything, please fix this asap. 😡",7,3,Negative,Negative
POST00188,2025-05-02 12:00,2025-05,Twitter,new movie release,"The customer service for new movie release was fantastic, quick and helpful. 👍",3,0,Positive,Positive
POST00764,2025-04-14 19:00,2025-04,Facebook,new smartphone,"Great value for money with new smartphone, totally worth it. 🔥",23,2,Positive,Positive
POST00217,2025-11-11 01:00,2025-11,Instagram,new movie release,"Read an article about new movie release today, fairly informative.",8,0,Neutral,Neutral
POST00792,2025-06-02 21:00,2025-06,Instagram,cloud gaming service,"The cloud gaming service broke down after just one week, very poor quality. 😡",13,1,Negative,Negative
POST01077,2025-11-15 17:00,2025-11,Twitter,airline service,"Really impressed by how well airline service performs, well done! 😊",6,5,Positive,Positive
POST00879,2025-12-24 16:00,2025-12,Twitter,new movie release,"The new movie release update ruined everything, please fix this asap. 👎",13,13,Negative,Negative
POST00338,2025-10-20 13:00,2025-10,Instagram,online banking app,"Attended a webinar about online banking app, learned a few things. 🤔",34,0,Neutral,Neutral
POST01773,2025-11-12 06:00,2025-11,Twitter,customer support,"Absolutely loving the customer support, works flawlessly! #happy ❤️",79,1,Positive,Positive
POST00720,2025-07-04 21:00,2025-07,Facebook,new smartphone,"Super smooth experience with new smartphone today, very happy customer here. ❤️",14,11,Positive,Positive
POST01749,2025-10-30 11:00,2025-10,Instagram,e-commerce sale,"Terrible customer support for e-commerce sale, waited hours for a reply. 😞",10,6,Negative,Negative
POST00296,2025-05-04 18:00,2025-05,Facebook,e-commerce sale,"Can't stop recommending e-commerce sale to my friends, it's brilliant. 🔥",26,2,Positive,Positive
POST01726,2025-12-14 04:00,2025-12,Twitter,laptop brand,Comparing laptop brand with other options currently available.,25,0,Neutral,Neutral
POST01017,2025-08-31 04:00,2025-08,YouTube,customer support,"Best customer support I've used so far, highly recommend it to everyone! 🔥",7,1,Positive,Positive
POST01276,2025-05-10 01:00,2025-05,Twitter,new movie release,"Just tried the new movie release and I'm impressed, great experience overall. 👍",15,5,Positive,Positive
POST01751,2025-07-24 14:00,2025-07,Instagram,customer support,"Just tried the customer support and I'm impressed, great experience overall. 👍",85,9,Positive,Positive
POST01486,2025-07-18 07:00,2025-07,YouTube,e-commerce sale,"Can't stop recommending e-commerce sale to my friends, it's brilliant. 👍",29,1,Positive,Positive
POST00456,2025-01-09 06:00,2025-01,Facebook,streaming app,"The customer service for streaming app was fantastic, quick and helpful. 🔥",31,19,Positive,Positive
POST02017,2025-06-18 06:00,2025-06,Twitter,electric car,"Decent electric car, does the job but support could be faster.",16,2,Neutral,Neutral
POST00816,2025-09-23 11:00,2025-09,Instagram,new smartphone,"Can't stop recommending new smartphone to my friends, it's brilliant. ❤️",7,1,Positive,Positive
POST01887,2025-01-16 04:00,2025-01,Instagram,new movie release,"The new movie release is okay I guess, nothing special but works.",17,4,Neutral,Neutral
POST00270,2025-06-20 02:00,2025-06,Instagram,online banking app,"Attended a webinar about online banking app, learned a few things. 🤔",7,0,Neutral,Neutral
POST00996,2025-12-06 21:00,2025-12,Facebook,customer support,Here's a quick overview of the new customer support update. 🤔,0,2,Neutral,Neutral
POST00202,2025-11-29 13:00,2025-11,Facebook,electric car,"Just tried the electric car and I'm impressed, great experience overall. 🔥",3,4,Positive,Positive
POST00162,2025-12-30 05:00,2025-12,Instagram,cloud gaming service,"Terrible customer support for cloud gaming service, waited hours for a reply. 😡",10,9,Negative,Negative
POST01580,2025-06-01 14:00,2025-06,Twitter,streaming app,"Really impressed by how well streaming app performs, well done! 👍",11,7,Positive,Positive
POST00730,2025-09-23 16:00,2025-09,Facebook,cloud gaming service,"Attended a webinar about cloud gaming service, learned a few things. 🤔",18,4,Neutral,Neutral
POST00402,2025-02-01 17:00,2025-02,Twitter,e-commerce sale,"Really impressed by how well e-commerce sale performs, well done! 🔥",16,11,Positive,Positive
POST00703,2025-09-24 19:00,2025-09,YouTube,online banking app,"Read an article about online banking app today, fairly informative.",28,1,Neutral,Neutral
POST01501,2025-09-18 16:00,2025-09,YouTube,food delivery app,"Not happy at all with food delivery app, total waste of money. 😡",8,1,Negative,Negative
POST01846,2025-04-03 20:00,2025-04,YouTube,e-commerce sale,Loved the e-commerce sale at first but the recent update is buggy.,1,5,Negative,Negative
POST01796,2025-08-11 15:00,2025-08,Twitter,customer support,"Terrible customer support for customer support, waited hours for a reply. 👎",7,13,Negative,Negative
POST01130,2025-11-23 05:00,2025-11,YouTube,cloud gaming service,Why is cloud gaming service so slow today? Getting really annoyed. 👎,0,4,Negative,Negative
POST00566,2025-05-15 22:00,2025-05,Twitter,fitness tracker,"The customer service for fitness tracker was fantastic, quick and helpful. 😊",0,1,Negative,Positive
POST01414,2025-04-19 05:00,2025-04,Instagram,laptop brand,"Just tried the laptop brand and I'm impressed, great experience overall.",28,4,Positive,Positive
POST01022,2025-09-24 03:00,2025-09,Twitter,customer support,"The customer support update ruined everything, please fix this asap.",12,1,Negative,Negative
POST01026,2025-05-31 19:00,2025-05,YouTube,streaming app,"Just started using streaming app, will share my thoughts soon. 🤔",35,0,Positive,Neutral
POST01412,2025-01-24 02:00,2025-01,YouTube,streaming app,Comparing streaming app with other options currently available.,0,1,Neutral,Neutral
POST01896,2025-08-05 05:00,2025-08,Instagram,electric car,"Decent electric car, does the job but support could be faster.",3,2,Neutral,Neutral
POST01586,2025-02-20 03:00,2025-02,Instagram,online banking app,"The online banking app was launched today, here are the specifications.",0,6,Neutral,Neutral
POST01105,2025-02-26 09:00,2025-02,Facebook,electric car,"Really disappointed with electric car, expected way better. 😞",0,0,Negative,Negative
POST00206,2025-05-24 01:00,2025-05,YouTube,e-commerce sale,Here's a quick overview of the new e-commerce sale update. 🤔,0,1,Neutral,Neutral
POST00035,2025-10-29 17:00,2025-10,Twitter,laptop brand,"Huge shoutout to the team behind laptop brand, amazing job!",17,19,Positive,Positive
POST00776,2025-01-21 21:00,2025-01,Instagram,food delivery app,Here's a quick overview of the new food delivery app update.,20,0,Neutral,Neutral
POST00509,2025-08-03 19:00,2025-08,YouTube,fitness tracker,"Worst experience ever with fitness tracker, would not recommend.",3,1,Negative,Negative
POST01452,2025-03-16 00:00,2025-03,YouTube,new smartphone,"Read an article about new smartphone today, fairly informative. 🤔",9,3,Neutral,Neutral
POST01479,2025-01-15 04:00,2025-01,YouTube,online banking app,"Best online banking app I've used so far, highly recommend it to everyone!",8,3,Positive,Positive
POST01991,2025-05-15 05:00,2025-05,Facebook,streaming app,"The streaming app is okay I guess, nothing special but works.",10,2,Neutral,Neutral
POST01391,2025-12-15 21:00,2025-12,Facebook,new smartphone,"Just tried the new smartphone and I'm impressed, great experience overall. ❤️",109,4,Positive,Positive
POST00092,2025-08-15 19:00,2025-08,Facebook,cloud gaming service,"Read an article about cloud gaming service today, fairly informative.",8,2,Neutral,Neutral
POST01364,2025-10-18 03:00,2025-10,Instagram,laptop brand,"Absolutely loving the laptop brand, works flawlessly! #happy",33,3,Positive,Positive
POST00898,2025-06-12 20:00,2025-06,Facebook,food delivery app,"Terrible customer support for food delivery app, waited hours for a reply. 👎",0,2,Negative,Negative
POST00565,2025-01-16 10:00,2025-01,Twitter,electric car,"Can't stop recommending electric car to my friends, it's brilliant. 👍",3,3,Positive,Positive
POST01370,2025-10-26 21:00,2025-10,Facebook,food delivery app,"Great value for money with food delivery app, totally worth it. 😊",55,6,Positive,Positive
POST00777,2025-05-12 17:00,2025-05,YouTube,airline service,"Terrible customer support for airline service, waited hours for a reply. 😡",0,1,Negative,Negative
POST00242,2025-12-14 21:00,2025-12,Facebook,airline service,"Attended a webinar about airline service, learned a few things.",10,7,Neutral,Neutral
POST00014,2025-10-01 23:00,2025-10,Instagram,cloud gaming service,Why is cloud gaming service so slow today? Getting really annoyed. 😞,1,2,Negative,Negative
POST00316,2025-02-04 07:00,2025-02,Instagram,new smartphone,"Super smooth experience with new smartphone today, very happy customer here. 👍",3,18,Positive,Positive
POST00601,2025-08-17 04:00,2025-08,Facebook,online banking app,"Just started using online banking app, will share my thoughts soon. 🤔",16,1,Neutral,Neutral
POST00388,2025-05-20 06:00,2025-05,YouTube,streaming app,"Just tried the streaming app and I'm impressed, great experience overall. 👍",10,10,Positive,Positive
POST01298,2025-01-16 03:00,2025-01,Instagram,food delivery app,"Really disappointed with food delivery app, expected way better. 😡",13,2,Negative,Negative
POST00167,2025-08-01 10:00,2025-08,Facebook,airline service,"Read an article about airline service today, fairly informative.",51,4,Neutral,Neutral
POST00841,2025-05-12 06:00,2025-05,YouTube,online banking app,"Really disappointed with online banking app, expected way better. 😡",1,1,Negative,Negative
POST00021,2025-02-16 01:00,2025-02,YouTube,streaming app,"Just tried the streaming app and I'm impressed, great experience overall. 🔥",7,14,Positive,Positive
POST00647,2025-09-01 09:00,2025-09,Instagram,e-commerce sale,"The e-commerce sale keeps crashing, so frustrating to deal with.",0,0,Negative,Negative
POST01843,2025-04-29 23:00,2025-04,YouTube,streaming app,"Mixed feelings about streaming app, some parts great some not.",11,17,Negative,Neutral
POST01509,2025-12-15 12:00,2025-12,Facebook,e-commerce sale,Here's a quick overview of the new e-commerce sale update. 🤔,6,5,Neutral,Neutral
POST01155,2025-02-05 17:00,2025-02,YouTube,customer support,Why is customer support so slow today? Getting really annoyed. 😡,10,0,Negative,Negative
POST01529,2025-01-02 13:00,2025-01,YouTube,online banking app,"Really disappointed with online banking app, expected way better. 👎",40,2,Positive,Negative
POST00832,2025-11-16 21:00,2025-11,Instagram,e-commerce sale,"Really impressed by how well e-commerce sale performs, well done! 👍",17,5,Positive,Positive
POST01268,2025-04-07 17:00,2025-04,Instagram,streaming app,"Attended a webinar about streaming app, learned a few things. 🤔",20,16,Neutral,Neutral
POST01591,2025-07-23 07:00,2025-07,Instagram,cloud gaming service,"Huge shoutout to the team behind cloud gaming service, amazing job! 🔥",12,2,Positive,Positive
POST01900,2025-07-14 05:00,2025-07,YouTube,laptop brand,"Mixed feelings about laptop brand, some parts great some not.",10,5,Neutral,Neutral
POST00563,2025-12-26 00:00,2025-12,Instagram,new smartphone,"Not sure yet what to think about new smartphone, still testing it out.",8,3,Neutral,Neutral
POST01972,2025-04-25 16:00,2025-04,Facebook,new smartphone,"Mixed feelings about new smartphone, some parts great some not.",17,19,Neutral,Neutral
POST00687,2025-10-14 05:00,2025-10,Facebook,electric car,"The electric car broke down after just one week, very poor quality. 😡",9,0,Negative,Negative
POST00958,2025-04-09 16:00,2025-04,Instagram,customer support,"Saw an ad for customer support today, might check it out later. 🤔",26,2,Neutral,Neutral
POST00190,2025-10-17 21:00,2025-10,Twitter,online banking app,"Really disappointed with online banking app, expected way better.",28,1,Negative,Negative
POST01807,2025-05-18 11:00,2025-05,Twitter,online banking app,"The online banking app is okay I guess, nothing special but works.",13,0,Neutral,Neutral
POST00976,2025-01-28 09:00,2025-01,YouTube,cloud gaming service,"Read an article about cloud gaming service today, fairly informative. 🤔",19,16,Neutral,Neutral
POST00700,2025-12-13 00:00,2025-12,Twitter,food delivery app,Why is food delivery app so slow today? Getting really annoyed. 😞,19,2,Neutral,Negative
POST01500,2025-04-14 07:00,2025-04,Twitter,airline service,"The customer service for airline service was fantastic, quick and helpful.",7,4,Neutral,Positive
POST01706,2025-04-25 18:00,2025-04,Facebook,electric car,"Feeling let down by electric car, it just doesn't work as promised. 😡",7,2,Negative,Negative
POST00511,2025-09-08 09:00,2025-09,Instagram,fitness tracker,"Best fitness tracker I've used so far, highly recommend it to everyone! 🔥",23,10,Positive,Positive
POST01083,2025-06-09 10:00,2025-06,Facebook,e-commerce sale,Why is e-commerce sale so slow today? Getting really annoyed. 😡,6,8,Negative,Negative
POST00475,2025-05-09 07:00,2025-05,Facebook,airline service,"Great value for money with airline service, totally worth it.",4,34,Positive,Positive
POST01585,2025-09-14 16:00,2025-09,Facebook,airline service,"Extremely poor service from airline service, never again. 😡",8,7,Negative,Negative
POST00857,2025-03-22 02:00,2025-03,Twitter,cloud gaming service,The cloud gaming service has some new features this month.,31,2,Neutral,Neutral
POST00748,2025-09-29 23:00,2025-09,Twitter,new movie release,"Absolutely loving the new movie release, works flawlessly! #happy",21,43,Positive,Positive
POST00253,2025-04-24 10:00,2025-04,Facebook,electric car,"Worst experience ever with electric car, would not recommend. 😡",9,8,Negative,Negative
POST00022,2025-12-15 13:00,2025-12,Instagram,cloud gaming service,"The customer service for cloud gaming service was fantastic, quick and helpful. 😊",8,6,Positive,Positive
POST01338,2025-02-02 13:00,2025-02,Facebook,laptop brand,"Super smooth experience with laptop brand today, very happy customer here. 😊",29,1,Positive,Positive
POST00460,2025-01-28 03:00,2025-01,Facebook,electric car,"Not happy at all with electric car, total waste of money. 😞",5,3,Negative,Negative
POST01185,2025-08-11 08:00,2025-08,Instagram,online banking app,"The online banking app broke down after just one week, very poor quality.",8,0,Negative,Negative
POST00277,2025-11-13 04:00,2025-11,Facebook,cloud gaming service,"Attended a webinar about cloud gaming service, learned a few things.",7,1,Neutral,Neutral
POST00956,2025-02-06 09:00,2025-02,Twitter,fitness tracker,"The fitness tracker keeps crashing, so frustrating to deal with. 😞",8,5,Negative,Negative
POST01216,2025-05-17 16:00,2025-05,Facebook,laptop brand,"Can't stop recommending laptop brand to my friends, it's brilliant. 👍",16,4,Positive,Positive
POST00386,2025-10-18 19:00,2025-10,Facebook,new smartphone,"The new smartphone was launched today, here are the specifications.",2,8,Neutral,Neutral
POST00806,2025-07-03 09:00,2025-07,YouTube,new movie release,The new movie release is scheduled for release next week. 🤔,5,0,Neutral,Neutral
POST01438,2025-01-10 11:00,2025-01,Twitter,fitness tracker,The fitness tracker has some new features this month.,1,8,Neutral,Neutral
POST01516,2025-01-05 21:00,2025-01,Twitter,new movie release,"Not sure yet what to think about new movie release, still testing it out.",0,4,Neutral,Neutral
POST00344,2025-08-27 03:00,2025-08,Instagram,laptop brand,The laptop brand has some new features this month.,0,3,Neutral,Neutral
POST00770,2025-06-15 19:00,2025-06,Instagram,new smartphone,"Really disappointed with new smartphone, expected way better. 👎",1,1,Negative,Negative
POST01333,2025-05-03 03:00,2025-05,YouTube,food delivery app,"Best food delivery app I've used so far, highly recommend it to everyone! 🔥",12,6,Positive,Positive
POST01686,2025-02-02 10:00,2025-02,Facebook,airline service,"Really disappointed with airline service, expected way better. 😞",6,1,Negative,Negative
POST00131,2025-09-05 08:00,2025-09,Instagram,food delivery app,"Attended a webinar about food delivery app, learned a few things.",6,1,Neutral,Neutral
POST01688,2025-12-07 18:00,2025-12,Twitter,online banking app,"Just started using online banking app, will share my thoughts soon. 🤔",8,1,Neutral,Neutral
POST00872,2025-05-01 23:00,2025-05,Instagram,electric car,"Saw an ad for electric car today, might check it out later.",4,0,Neutral,Neutral
POST01124,2025-02-12 04:00,2025-02,YouTube,online banking app,"Extremely poor service from online banking app, never again. 😡",2,3,Negative,Negative
POST01397,2025-04-02 07:00,2025-04,Facebook,customer support,"Not happy at all with customer support, total waste of money. 😡",14,5,Negative,Negative
POST00088,2025-11-19 18:00,2025-11,YouTube,new movie release,"Saw an ad for new movie release today, might check it out later.",1,2,Neutral,Neutral
POST01483,2025-06-22 12:00,2025-06,YouTube,e-commerce sale,"Great value for money with e-commerce sale, totally worth it.",40,3,Positive,Positive
POST00331,2025-03-07 17:00,2025-03,Facebook,cloud gaming service,"Attended a webinar about cloud gaming service, learned a few things. 🤔",14,1,Neutral,Neutral
POST01239,2025-11-13 07:00,2025-11,YouTube,new smartphone,The new smartphone is scheduled for release next week.,4,1,Neutral,Neutral
POST00467,2025-06-07 14:00,2025-06,Twitter,airline service,"The airline service broke down after just one week, very poor quality. 👎",14,0,Negative,Negative
POST00122,2025-09-11 10:00,2025-09,Twitter,laptop brand,"Worst experience ever with laptop brand, would not recommend.",34,1,Negative,Negative
POST01639,2025-12-03 08:00,2025-12,Twitter,food delivery app,"The customer service for food delivery app was fantastic, quick and helpful. 👍",62,3,Positive,Positive
POST01045,2025-01-19 02:00,2025-01,Facebook,new movie release,The new movie release has some new features this month.,9,0,Neutral,Neutral
POST01725,2025-04-18 06:00,2025-04,Instagram,online banking app,"Huge shoutout to the team behind online banking app, amazing job! 😊",0,4,Positive,Positive
POST01096,2025-06-16 17:00,2025-06,YouTube,e-commerce sale,"Just tried the e-commerce sale and I'm impressed, great experience overall. ❤️",12,13,Positive,Positive
POST01131,2025-03-01 01:00,2025-03,Facebook,new smartphone,"Best new smartphone I've used so far, highly recommend it to everyone! ❤️",57,17,Positive,Positive
POST01295,2025-11-26 12:00,2025-11,Facebook,online banking app,Here's a quick overview of the new online banking app update.,2,8,Neutral,Neutral
POST00861,2025-10-22 00:00,2025-10,YouTube,new movie release,"The new movie release exceeded my expectations, five stars from me. 🔥",54,5,Positive,Positive
POST01460,2025-09-24 17:00,2025-09,Instagram,electric car,The electric car has some new features this month. 🤔,1,2,Neutral,Neutral
POST01127,2025-07-09 05:00,2025-07,YouTube,cloud gaming service,"The cloud gaming service exceeded my expectations, five stars from me. 🔥",30,3,Positive,Positive
